4036284,1553828519,Alofi,"{'Lat': -19.059521, 'Lon': -169.918671}","{'temp': 86, 'temp_min': 86, 'temp_max': 86, 'pressure': 1007, 'humidity': 79}","{'speed': 2.6, 'deg': 330}",,,{'today': 75},"[{'id': 803, 'main': 'Clouds', 'description': 'broken clouds', 'icon': '04n'}]"
4035413,1553828531,Apia,"{'Lat': -13.83333, 'Lon': -171.766663}","{'temp': 89.01, 'temp_min': 89.01, 'temp_max': 89.01, 'pressure': 1008, 'humidity': 66}","{'speed': 3.58, 'deg': 10}",{'3h': 0},,{'today': 0},"[{'id': 800, 'main': 'Clear', 'description': 'clear sky', 'icon': '01n'}]"
4035715,1553825013,Avarua,"{'Lat': -21.207781, 'Lon': -159.774994}","{'temp': 80.6, 'temp_min': 80.6, 'temp_max': 80.6, 'pressure': 1008, 'humidity': 83}","{'speed': 2.6, 'deg': 190}",,,{'today': 32},"[{'id': 802, 'main': 'Clouds', 'description': 'scattered clouds', 'icon': '03n'}]"
4034561,1553828512,Faaa,"{'Lat': -17.549999, 'Lon': -149.600006}","{'temp': 87.37, 'temp_min': 87.01, 'temp_max': 87.8, 'pressure': 1008, 'humidity': 62}","{'speed': 2.1, 'deg': 20}",,,{'today': 40},"[{'id': 802, 'main': 'Clouds', 'description': 'scattered clouds', 'icon': '03n'}]"
4030723,1553828527,Adamstown,"{'Lat': -25.065969, 'Lon': -130.101471}","{'temp': 76.26, 'temp_min': 76.26, 'temp_max': 76.26, 'pressure': 1012.22, 'sea_level': 1012.22, 'grnd_level': 1012.16, 'humidity': 100}","{'speed': 3.91, 'deg': 196.501}",,,{'today': 68},"[{'id': 803, 'main': 'Clouds', 'description': 'broken clouds', 'icon': '04n'}]"
3874958,1553824987,Puerto Natales,"{'Lat': -51.723629, 'Lon': -72.48745}","{'temp': 58.35, 'temp_min': 58.35, 'temp_max': 58.35, 'pressure': 994.62, 'sea_level': 994.62, 'grnd_level': 963.12, 'humidity': 52}","{'speed': 5.51, 'deg': 335.501}",,,{'today': 80},"[{'id': 803, 'main': 'Clouds', 'description': 'broken clouds', 'icon': '04n'}]"
3874787,1553824987,Punta Arenas,"{'Lat': -53.150002, 'Lon': -70.916672}","{'temp': 51.42, 'temp_min': 51.01, 'temp_max': 51.8, 'pressure': 997, 'humidity': 76}","{'speed': 3.1, 'deg': 360}",,,{'today': 0},"[{'id': 800, 'main': 'Clear', 'description': 'clear sky', 'icon': '01n'}]"
3833367,1553824988,Ushuaia,"{'Lat': -54.799999, 'Lon': -68.300003}","{'temp': 57.2, 'temp_min': 57.2, 'temp_max': 57.2, 'pressure': 997, 'humidity': 47}","{'speed': 4.6, 'deg': 320}",,,{'today': 40},"[{'id': 802, 'main': 'Clouds', 'description': 'scattered clouds', 'icon': '03n'}]"
3838859,1553824988,Rio Gallegos,"{'Lat': -51.622608, 'Lon': -69.218132}","{'temp': 55.4, 'temp_min': 55.4, 'temp_max': 55.4, 'pressure': 999, 'humidity': 66}","{'speed': 7.7, 'deg': 360}",,,{'today': 0},"[{'id': 800, 'main': 'Clear', 'description': 'clear sky', 'icon': '01n'}]"
3894426,1553824987,Coihaique,"{'Lat': -45.575241, 'Lon': -72.066193}","{'temp': 56.43, 'temp_min': 55.4, 'temp_max': 57.2, 'pressure': 1013, 'humidity': 62}","{'speed': 2.1, 'deg': 40}",,,{'today': 20},"[{'id': 801, 'main': 'Clouds', 'description': 'few clouds', 'icon': '02n'}]"
3860443,1553824988,Comodoro Rivadavia,"{'Lat': -45.866669, 'Lon': -67.5}","{'temp': 55.4, 'temp_min': 55.4, 'temp_max': 55.4, 'pressure': 1012, 'humidity': 71}","{'speed': 3.76, 'deg': 306.001}",,,{'today': 0},"[{'id': 800, 'main': 'Clear', 'description': 'clear sky', 'icon': '01n'}]"
3426691,1553825010,Stanley,"{'Lat': -51.700001, 'Lon': -57.849998}","{'temp': 44.6, 'temp_min': 44.6, 'temp_max': 44.6, 'pressure': 1011, 'humidity': 93}","{'speed': 4.6, 'deg': 10}",,,{'today': 20},"[{'id': 801, 'main': 'Clouds', 'description': 'few clouds', 'icon': '02n'}]"
3896218,1553825015,Castro,"{'Lat': -42.472099, 'Lon': -73.773193}","{'temp': 46.4, 'temp_min': 46.4, 'temp_max': 46.4, 'pressure': 1019, 'humidity': 100}","{'speed': 1.5, 'deg': 340}",,,{'today': 0},"[{'id': 800, 'main': 'Clear', 'description': 'clear sky', 'icon': '01n'}]"
3855974,1553824988,Esquel,"{'Lat': -42.900002, 'Lon': -71.316673}","{'temp': 53.6, 'temp_min': 53.6, 'temp_max': 53.6, 'pressure': 1017, 'humidity': 71}","{'speed': 0.96, 'deg': 303.501}",,,{'today': 0},"[{'id': 800, 'main': 'Clear', 'description': 'clear sky', 'icon': '01n'}]"
3870011,1553824987,Temuco,"{'Lat': -38.73333, 'Lon': -72.599998}","{'temp': 57.2, 'temp_min': 57.2, 'temp_max': 57.2, 'pressure': 1020, 'humidity': 82}","{'speed': 3.6, 'deg': 210}",,,{'today': 90},"[{'id': 804, 'main': 'Clouds', 'description': 'overcast clouds', 'icon': '04n'}]"
3870282,1553824987,Talcahuano,"{'Lat': -36.716671, 'Lon': -73.116669}","{'temp': 53.6, 'temp_min': 53.6, 'temp_max': 53.6, 'pressure': 1018, 'humidity': 87}","{'speed': 3.1, 'deg': 220}",,,{'today': 0},"[{'id': 800, 'main': 'Clear', 'description': 'clear sky', 'icon': '01n'}]"
3843123,1553824988,Neuquen,"{'Lat': -38.951611, 'Lon': -68.059097}","{'temp': 64.4, 'temp_min': 64.4, 'temp_max': 64.4, 'pressure': 1015, 'humidity': 82}","{'speed': 1, 'deg': 320}",,,{'today': 0},"[{'id': 800, 'main': 'Clear', 'description': 'clear sky', 'icon': '01n'}]"
3836669,1553824988,San Rafael,"{'Lat': -34.617722, 'Lon': -68.33007}","{'temp': 57.27, 'temp_min': 57.27, 'temp_max': 57.27, 'pressure': 1016.46, 'sea_level': 1016.46, 'grnd_level': 915.68, 'humidity': 74}","{'speed': 2.61, 'deg': 4.50064}",,,{'today': 0},"[{'id': 800, 'main': 'Clear', 'description': 'clear sky', 'icon': '01n'}]"
3871336,1553825021,Santiago,"{'Lat': -33.45694, 'Lon': -70.64827}","{'temp': 64.81, 'temp_min': 57.2, 'temp_max': 70, 'pressure': 1017, 'humidity': 76}","{'speed': 3.6, 'deg': 160}",,,{'today': 0},"[{'id': 800, 'main': 'Clear', 'description': 'clear sky', 'icon': '01n'}]"
3893629,1553824987,Coquimbo,"{'Lat': -29.953329, 'Lon': -71.343613}","{'temp': 57.2, 'temp_min': 57.2, 'temp_max': 57.2, 'pressure': 1016, 'humidity': 82}","{'speed': 2.6, 'deg': 300}",,,{'today': 0},"[{'id': 800, 'main': 'Clear', 'description': 'clear sky', 'icon': '01n'}]"
3837213,1553824987,San Juan,"{'Lat': -31.5375, 'Lon': -68.536392}","{'temp': 58.98, 'temp_min': 58.98, 'temp_max': 58.98, 'pressure': 1017.06, 'sea_level': 1017.06, 'grnd_level': 931.68, 'humidity': 79}","{'speed': 1.76, 'deg': 308.001}",,,{'today': 68},"[{'id': 803, 'main': 'Clouds', 'description': 'broken clouds', 'icon': '04n'}]"
3893656,1553824987,Copiapo,"{'Lat': -27.366671, 'Lon': -70.333328}","{'temp': 59, 'temp_min': 59, 'temp_max': 59, 'pressure': 1017, 'humidity': 82}","{'speed': 3.1, 'deg': 240}",,,{'today': 0},"[{'id': 800, 'main': 'Clear', 'description': 'clear sky', 'icon': '01n'}]"
3899539,1553824987,Antofagasta,"{'Lat': -23.65, 'Lon': -70.400002}","{'temp': 66.2, 'temp_min': 66.2, 'temp_max': 66.2, 'pressure': 1016, 'humidity': 72}","{'speed': 4.1, 'deg': 190}",,,{'today': 90},"[{'id': 804, 'main': 'Clouds', 'description': 'overcast clouds', 'icon': '04n'}]"
3691175,1553825011,Trujillo,"{'Lat': -8.11599, 'Lon': -79.029984}","{'temp': 69.8, 'temp_min': 69.8, 'temp_max': 69.8, 'pressure': 1013, 'humidity': 88}","{'speed': 4.1, 'deg': 130}",,,{'today': 75},"[{'id': 803, 'main': 'Clouds', 'description': 'broken clouds', 'icon': '04n'}]"
3657509,1553825011,Guayaquil,"{'Lat': -2.16667, 'Lon': -79.900002}","{'temp': 81.12, 'temp_min': 80.01, 'temp_max': 82.4, 'pressure': 1012, 'humidity': 69}","{'speed': 5.1, 'deg': 220}",,,{'today': 75},"[{'id': 803, 'main': 'Clouds', 'description': 'broken clouds', 'icon': '04n'}]"
3936456,1553825011,Lima,"{'Lat': -12.04318, 'Lon': -77.028236}","{'temp': 71.85, 'temp_min': 71.6, 'temp_max': 72, 'pressure': 1014, 'humidity': 83}","{'speed': 2.6, 'deg': 200}",,,{'today': 0},"[{'id': 800, 'main': 'Clear', 'description': 'clear sky', 'icon': '01n'}]"
3935288,1553828527,Minas de Marcona,"{'Lat': -15.21194, 'Lon': -75.110283}","{'temp': 69.15, 'temp_min': 69.15, 'temp_max': 69.15, 'pressure': 1013.78, 'sea_level': 1013.78, 'grnd_level': 914.32, 'humidity': 65}","{'speed': 0.61, 'deg': 76.5006}",,,{'today': 100},"[{'id': 804, 'main': 'Clouds', 'description': 'overcast clouds', 'icon': '04n'}]"
3939459,1553825011,Huancayo,"{'Lat': -12.06667, 'Lon': -75.23333}","{'temp': 42.69, 'temp_min': 42.69, 'temp_max': 42.69, 'pressure': 1013.26, 'sea_level': 1013.26, 'grnd_level': 637.04, 'humidity': 94}","{'speed': 0.91, 'deg': 73.5006}",{'3h': 0.695},,{'today': 80},"[{'id': 500, 'main': 'Rain', 'description': 'light rain', 'icon': '10n'}]"
3928924,1553828511,Satipo,"{'Lat': -11.25222, 'Lon': -74.638611}","{'temp': 64.74, 'temp_min': 64.74, 'temp_max': 64.74, 'pressure': 1013.82, 'sea_level': 1013.82, 'grnd_level': 892.64, 'humidity': 95}","{'speed': 0.51, 'deg': 217.001}",,,{'today': 32},"[{'id': 802, 'main': 'Clouds', 'description': 'scattered clouds', 'icon': '03n'}]"
3887127,1553828499,Iquique,"{'Lat': -20.220831, 'Lon': -70.143059}","{'temp': 71.6, 'temp_min': 71.6, 'temp_max': 71.6, 'pressure': 1017, 'humidity': 64}","{'speed': 4.6, 'deg': 180}",,,{'today': 90},"[{'id': 804, 'main': 'Clouds', 'description': 'overcast clouds', 'icon': '04n'}]"
3947322,1553825011,Arequipa,"{'Lat': -16.39889, 'Lon': -71.535004}","{'temp': 59, 'temp_min': 59, 'temp_max': 59, 'pressure': 1029, 'humidity': 77}","{'speed': 1.5, 'deg': 70}",,,{'today': 75},"[{'id': 500, 'main': 'Rain', 'description': 'light rain', 'icon': '10n'}]"
3941584,1553825011,Cusco,"{'Lat': -13.51833, 'Lon': -71.978058}","{'temp': 48.4, 'temp_min': 46.99, 'temp_max': 50, 'pressure': 1035, 'humidity': 71}","{'speed': 1.5, 'deg': 270}",,,{'today': 40},"[{'id': 802, 'main': 'Clouds', 'description': 'scattered clouds', 'icon': '03n'}]"
3911925,1553828494,La Paz,"{'Lat': -16.5, 'Lon': -68.150002}","{'temp': 41, 'temp_min': 41, 'temp_max': 41, 'pressure': 1040, 'humidity': 86}","{'speed': 3.6, 'deg': 70}",,,{'today': 75},"[{'id': 803, 'main': 'Clouds', 'description': 'broken clouds', 'icon': '04n'}]"
3693345,1553825011,Pucallpa,"{'Lat': -8.37915, 'Lon': -74.553871}","{'temp': 73.4, 'temp_min': 73.4, 'temp_max': 73.4, 'pressure': 1014, 'humidity': 100}","{'speed': 1.5, 'deg': 250}",,,{'today': 75},"[{'id': 500, 'main': 'Rain', 'description': 'light rain', 'icon': '10n'}]"
3652462,1553825011,Quito,"{'Lat': -0.22985, 'Lon': -78.524948}","{'temp': 55.27, 'temp_min': 52, 'temp_max': 59, 'pressure': 1027, 'humidity': 87}","{'speed': 3.1, 'deg': 10}",,,{'today': 90},"[{'id': 804, 'main': 'Clouds', 'description': 'overcast clouds', 'icon': '04n'}]"
3696183,1553825011,Iquitos,"{'Lat': -3.74806, 'Lon': -73.247223}","{'temp': 77, 'temp_min': 77, 'temp_max': 77, 'pressure': 1012, 'humidity': 94}","{'speed': 0.96, 'deg': 146.501}",,,{'today': 0},"[{'id': 800, 'main': 'Clear', 'description': 'clear sky', 'icon': '01n'}]"
3919998,1553828498,Cobija,"{'Lat': -11.02671, 'Lon': -68.76918}","{'temp': 78.42, 'temp_min': 78.42, 'temp_max': 78.42, 'pressure': 1012.58, 'sea_level': 1012.58, 'grnd_level': 982, 'humidity': 73}","{'speed': 1.51, 'deg': 88.5006}",,,{'today': 76},"[{'id': 803, 'main': 'Clouds', 'description': 'broken clouds', 'icon': '04n'}]"
3662155,1553824996,Sena Madureira,"{'Lat': -9.06556, 'Lon': -68.656937}","{'temp': 74.28, 'temp_min': 74.28, 'temp_max': 74.28, 'pressure': 1012.78, 'sea_level': 1012.78, 'grnd_level': 993.68, 'humidity': 92}","{'speed': 0.96, 'deg': 77.0006}",{'3h': 0.47},,{'today': 88},"[{'id': 500, 'main': 'Rain', 'description': 'light rain', 'icon': '10n'}]"
3676623,1553828539,Leticia,"{'Lat': -4.21528, 'Lon': -69.940559}","{'temp': 75.2, 'temp_min': 75.2, 'temp_max': 75.2, 'pressure': 1013, 'humidity': 100}","{'speed': 1.11, 'deg': 167.001}",,,{'today': 40},"[{'id': 802, 'main': 'Clouds', 'description': 'scattered clouds', 'icon': '03n'}]"
3833883,1553824988,Trelew,"{'Lat': -43.248951, 'Lon': -65.305054}","{'temp': 52.32, 'temp_min': 52.32, 'temp_max': 52.32, 'pressure': 1011.62, 'sea_level': 1011.62, 'grnd_level': 1000.64, 'humidity': 56}","{'speed': 1.16, 'deg': 169.501}",,,{'today': 0},"[{'id': 800, 'main': 'Clear', 'description': 'clear sky', 'icon': '01n'}]"
3832899,1553824987,Viedma,"{'Lat': -40.81345, 'Lon': -62.996681}","{'temp': 72.48, 'temp_min': 72.48, 'temp_max': 72.48, 'pressure': 1015.74, 'sea_level': 1015.74, 'grnd_level': 1012.16, 'humidity': 53}","{'speed': 7.76, 'deg': 342.001}",,,{'today': 0},"[{'id': 800, 'main': 'Clear', 'description': 'clear sky', 'icon': '01n'}]"
3835994,1553824987,Santa Rosa,"{'Lat': -36.616669, 'Lon': -64.283333}","{'temp': 63.84, 'temp_min': 63.84, 'temp_max': 63.84, 'pressure': 1019.78, 'sea_level': 1019.78, 'grnd_level': 1001.44, 'humidity': 70}","{'speed': 6.26, 'deg': 21.5006}",,,{'today': 0},"[{'id': 800, 'main': 'Clear', 'description': 'clear sky', 'icon': '01n'}]"
3865086,1553824988,Bahia Blanca,"{'Lat': -38.719601, 'Lon': -62.27243}","{'temp': 66.09, 'temp_min': 66.09, 'temp_max': 66.09, 'pressure': 1019.78, 'sea_level': 1019.78, 'grnd_level': 1018.16, 'humidity': 77}","{'speed': 8.06, 'deg': 341.501}",,,{'today': 0},"[{'id': 800, 'main': 'Clear', 'description': 'clear sky', 'icon': '01n'}]"
3842670,1553828542,Olavarria,"{'Lat': -36.892719, 'Lon': -60.32254}","{'temp': 61.86, 'temp_min': 61.86, 'temp_max': 61.86, 'pressure': 1022.94, 'sea_level': 1022.94, 'grnd_level': 1008.64, 'humidity': 75}","{'speed': 4.01, 'deg': 45.5006}",,,{'today': 48},"[{'id': 802, 'main': 'Clouds', 'description': 'scattered clouds', 'icon': '03n'}]"
3430863,1553824987,Mar del Plata,"{'Lat': -38.002281, 'Lon': -57.557541}","{'temp': 64.85, 'temp_min': 64.4, 'temp_max': 64.99, 'pressure': 1025, 'humidity': 82}","{'speed': 3.6, 'deg': 20}",,,{'today': 90},"[{'id': 804, 'main': 'Clouds', 'description': 'overcast clouds', 'icon': '04n'}]"
3435910,1553824988,Buenos Aires,"{'Lat': -34.613152, 'Lon': -58.377232}","{'temp': 66.58, 'temp_min': 62.6, 'temp_max': 68, 'pressure': 1024, 'humidity': 82}","{'speed': 5.7, 'deg': 130}",,,{'today': 0},"[{'id': 800, 'main': 'Clear', 'description': 'clear sky', 'icon': '01n'}]"
3837056,1553824987,San Luis,"{'Lat': -33.29501, 'Lon': -66.335632}","{'temp': 64.2, 'temp_min': 64.2, 'temp_max': 64.2, 'pressure': 1018.02, 'sea_level': 1018.02, 'grnd_level': 936.88, 'humidity': 69}","{'speed': 5.61, 'deg': 11.0006}",,,{'today': 24},"[{'id': 801, 'main': 'Clouds', 'description': 'few clouds', 'icon': '02n'}]"
3861445,1553824988,Chilecito,"{'Lat': -29.161949, 'Lon': -67.497398}","{'temp': 51.06, 'temp_min': 51.06, 'temp_max': 51.06, 'pressure': 1018.66, 'sea_level': 1018.66, 'grnd_level': 875.52, 'humidity': 95}","{'speed': 0.76, 'deg': 304.501}",,,{'today': 12},"[{'id': 801, 'main': 'Clouds', 'description': 'few clouds', 'icon': '02n'}]"
3837702,1553825017,San Fernando del Valle de Catamarca,"{'Lat': -28.46957, 'Lon': -65.78524}","{'temp': 55, 'temp_min': 55, 'temp_max': 55, 'pressure': 1020, 'humidity': 87}","{'speed': 0.66, 'deg': 41.0006}",{'3h': 0.005},,{'today': 24},"[{'id': 801, 'main': 'Clouds', 'description': 'few clouds', 'icon': '02n'}]"
3860259,1553824987,Cordoba,"{'Lat': -31.4135, 'Lon': -64.181053}","{'temp': 60.8, 'temp_min': 60.8, 'temp_max': 60.8, 'pressure': 1022, 'humidity': 93}","{'speed': 3.1, 'deg': 20}",,,{'today': 0},"[{'id': 800, 'main': 'Clear', 'description': 'clear sky', 'icon': '01n'}]"
3836873,1553824987,San Miguel de Tucuman,"{'Lat': -26.824141, 'Lon': -65.222603}","{'temp': 64.4, 'temp_min': 64.4, 'temp_max': 64.4, 'pressure': 1021, 'humidity': 88}","{'speed': 1.5, 'deg': 250}",,,{'today': 75},"[{'id': 803, 'main': 'Clouds', 'description': 'broken clouds', 'icon': '04n'}]"
3838233,1553824987,Salta,"{'Lat': -24.7859, 'Lon': -65.411659}","{'temp': 60.03, 'temp_min': 59, 'temp_max': 60.8, 'pressure': 1023, 'humidity': 87}","{'speed': 1.5, 'deg': 360}",,,{'today': 90},"[{'id': 804, 'main': 'Clouds', 'description': 'overcast clouds', 'icon': '04n'}]"
3836620,1553825015,San Ramon de la Nueva Oran,"{'Lat': -23.132231, 'Lon': -64.325981}","{'temp': 65.46, 'temp_min': 65.46, 'temp_max': 65.46, 'pressure': 1018.94, 'sea_level': 1018.94, 'grnd_level': 981.44, 'humidity': 88}","{'speed': 1.86, 'deg': 264.001}",,,{'today': 80},"[{'id': 803, 'main': 'Clouds', 'description': 'broken clouds', 'icon': '04n'}]"
3838583,1553825017,Rosario,"{'Lat': -32.946819, 'Lon': -60.63932}","{'temp': 69.28, 'temp_min': 66, 'temp_max': 71.6, 'pressure': 1021, 'humidity': 68}","{'speed': 3.6, 'deg': 90}",,,{'today': 0},"[{'id': 800, 'main': 'Clear', 'description': 'clear sky', 'icon': '01n'}]"
3841956,1553824987,Parana,"{'Lat': -31.73197, 'Lon': -60.5238}","{'temp': 71.13, 'temp_min': 68, 'temp_max': 73.99, 'pressure': 1016, 'humidity': 86}","{'speed': 3.41, 'deg': 118.001}",,,{'today': 76},"[{'id': 803, 'main': 'Clouds', 'description': 'broken clouds', 'icon': '04n'}]"
3429594,1553824988,Reconquista,"{'Lat': -29.15, 'Lon': -59.650002}","{'temp': 69.42, 'temp_min': 69.42, 'temp_max': 69.42, 'pressure': 1018.46, 'sea_level': 1018.46, 'grnd_level': 1014.88, 'humidity': 82}","{'speed': 1.26, 'deg': 168.501}",,,{'today': 64},"[{'id': 803, 'main': 'Clouds', 'description': 'broken clouds', 'icon': '04n'}]"
3435261,1553824987,Concordia,"{'Lat': -31.39296, 'Lon': -58.020889}","{'temp': 71.01, 'temp_min': 71.01, 'temp_max': 71.01, 'pressure': 1020, 'humidity': 67}","{'speed': 1.79, 'deg': 90}",,,{'today': 32},"[{'id': 802, 'main': 'Clouds', 'description': 'scattered clouds', 'icon': '03n'}]"
3832811,1553824988,Villa Angela,"{'Lat': -27.57383, 'Lon': -60.71526}","{'temp': 66.54, 'temp_min': 66.54, 'temp_max': 66.54, 'pressure': 1018.3, 'sea_level': 1018.3, 'grnd_level': 1009.76, 'humidity': 84}","{'speed': 1.81, 'deg': 144.001}",,,{'today': 0},"[{'id': 800, 'main': 'Clear', 'description': 'clear sky', 'icon': '01n'}]"
3429577,1553824988,Resistencia,"{'Lat': -27.46056, 'Lon': -58.983891}","{'temp': 71.6, 'temp_min': 71.6, 'temp_max': 71.6, 'pressure': 1018, 'humidity': 83}","{'speed': 2.6, 'deg': 130}",,,{'today': 48},"[{'id': 802, 'main': 'Clouds', 'description': 'scattered clouds', 'icon': '03n'}]"
3439389,1553828513,Asuncion,"{'Lat': -25.300659, 'Lon': -57.63591}","{'temp': 73.4, 'temp_min': 73.4, 'temp_max': 73.4, 'pressure': 1017, 'humidity': 83}","{'speed': 1.36, 'deg': 133.001}",,,{'today': 0},"[{'id': 800, 'main': 'Clear', 'description': 'clear sky', 'icon': '01n'}]"
3465108,1553824991,Cruz Alta,"{'Lat': -28.638611, 'Lon': -53.606392}","{'temp': 67.08, 'temp_min': 67.08, 'temp_max': 67.08, 'pressure': 1021.22, 'sea_level': 1021.22, 'grnd_level': 976.32, 'humidity': 78}","{'speed': 5.11, 'deg': 78.5006}",,,{'today': 0},"[{'id': 800, 'main': 'Clear', 'description': 'clear sky', 'icon': '01n'}]"
3454244,1553824991,Pelotas,"{'Lat': -31.77194, 'Lon': -52.342499}","{'temp': 71.94, 'temp_min': 71.94, 'temp_max': 71.94, 'pressure': 1025.1, 'sea_level': 1025.1, 'grnd_level': 1022.8, 'humidity': 82}","{'speed': 8.31, 'deg': 57.0006}",,,{'today': 68},"[{'id': 803, 'main': 'Clouds', 'description': 'broken clouds', 'icon': '04n'}]"
3452925,1553824991,Porto Alegre,"{'Lat': -30.03306, 'Lon': -51.23}","{'temp': 69.66, 'temp_min': 69.01, 'temp_max': 70, 'pressure': 1024, 'humidity': 83}","{'speed': 8.2, 'deg': 100}",,,{'today': 0},"[{'id': 800, 'main': 'Clear', 'description': 'clear sky', 'icon': '01n'}]"
3429886,1553824988,Posadas,"{'Lat': -27.367081, 'Lon': -55.89608}","{'temp': 77, 'temp_min': 77, 'temp_max': 77, 'pressure': 1018, 'humidity': 73}","{'speed': 2.1, 'deg': 140}",,,{'today': 0},"[{'id': 800, 'main': 'Clear', 'description': 'clear sky', 'icon': '01n'}]"
3466779,1553824991,Cascavel,"{'Lat': -24.95583, 'Lon': -53.45528}","{'temp': 71.6, 'temp_min': 71.6, 'temp_max': 71.6, 'pressure': 1022, 'humidity': 73}","{'speed': 4.1, 'deg': 90}",,,{'today': 20},"[{'id': 801, 'main': 'Clouds', 'description': 'few clouds', 'icon': '02n'}]"
3466296,1553825015,Chapeco,"{'Lat': -27.09639, 'Lon': -52.618328}","{'temp': 72.39, 'temp_min': 71.6, 'temp_max': 73, 'pressure': 1023, 'humidity': 73}","{'speed': 6.2, 'deg': 100}",,,{'today': 0},"[{'id': 800, 'main': 'Clear', 'description': 'clear sky', 'icon': '01n'}]"
3458449,1553824991,Londrina,"{'Lat': -23.31028, 'Lon': -51.162781}","{'temp': 75.2, 'temp_min': 75.2, 'temp_max': 75.2, 'pressure': 1022, 'humidity': 69}","{'speed': 7.2, 'deg': 130}",,,{'today': 0},"[{'id': 800, 'main': 'Clear', 'description': 'clear sky', 'icon': '01n'}]"
3464975,1553825019,Curitiba,"{'Lat': -25.42778, 'Lon': -49.27306}","{'temp': 61.7, 'temp_min': 60.8, 'temp_max': 64, 'pressure': 1027, 'humidity': 100}","{'speed': 2.1, 'deg': 130}",,,{'today': 75},"[{'id': 300, 'main': 'Drizzle', 'description': 'light intensity drizzle', 'icon': '09n'}]"
3459712,1553824991,Joinville,"{'Lat': -26.30444, 'Lon': -48.845558}","{'temp': 70.25, 'temp_min': 68, 'temp_max': 71.6, 'pressure': 1024, 'humidity': 88}","{'speed': 2.1, 'deg': 300}",{'1h': 0.25},,{'today': 75},"[{'id': 500, 'main': 'Rain', 'description': 'light rain', 'icon': '10n'}]"
3448439,1553828543,Sao Paulo,"{'Lat': -23.547501, 'Lon': -46.636108}","{'temp': 66.2, 'temp_min': 66.2, 'temp_max': 66.2, 'pressure': 1025, 'humidity': 88}","{'speed': 3.6, 'deg': 130}",,,{'today': 40},"[{'id': 802, 'main': 'Clouds', 'description': 'scattered clouds', 'icon': '03n'}]"
3467865,1553824991,Campinas,"{'Lat': -22.90556, 'Lon': -47.060829}","{'temp': 68.54, 'temp_min': 68, 'temp_max': 69.01, 'pressure': 1022, 'humidity': 72}","{'speed': 7.2, 'deg': 120}",,,{'today': 0},"[{'id': 800, 'main': 'Clear', 'description': 'clear sky', 'icon': '01n'}]"
3448636,1553824991,Sao Jose dos Campos,"{'Lat': -23.17944, 'Lon': -45.88694}","{'temp': 68, 'temp_min': 68, 'temp_max': 68, 'pressure': 1025, 'humidity': 82}","{'speed': 2.6, 'deg': 120}",,,{'today': 75},"[{'id': 803, 'main': 'Clouds', 'description': 'broken clouds', 'icon': '04n'}]"
3919968,1553824983,Cochabamba,"{'Lat': -17.3895, 'Lon': -66.156799}","{'temp': 66.2, 'temp_min': 66.2, 'temp_max': 66.2, 'pressure': 1027, 'humidity': 52}","{'speed': 8.2, 'deg': 130}",,,{'today': 75},"[{'id': 803, 'main': 'Clouds', 'description': 'broken clouds', 'icon': '04n'}]"
3904906,1553825015,Santa Cruz de la Sierra,"{'Lat': -17.799999, 'Lon': -63.166672}","{'temp': 75.2, 'temp_min': 75.2, 'temp_max': 75.2, 'pressure': 1016, 'humidity': 73}","{'speed': 2.1, 'deg': 160}",,,{'today': 75},"[{'id': 803, 'main': 'Clouds', 'description': 'broken clouds', 'icon': '04n'}]"
3910027,1553824983,Montero,"{'Lat': -17.33333, 'Lon': -63.25}","{'temp': 75.2, 'temp_min': 75.2, 'temp_max': 75.2, 'pressure': 1016, 'humidity': 73}","{'speed': 2.1, 'deg': 160}",,,{'today': 75},"[{'id': 803, 'main': 'Clouds', 'description': 'broken clouds', 'icon': '04n'}]"
3902377,1553824983,La Santisima Trinidad,"{'Lat': -14.83333, 'Lon': -64.900002}","{'temp': 74.1, 'temp_min': 74.1, 'temp_max': 74.1, 'pressure': 1014.62, 'sea_level': 1014.62, 'grnd_level': 996, 'humidity': 73}","{'speed': 2.16, 'deg': 149.001}",,,{'today': 8},"[{'id': 800, 'main': 'Clear', 'description': 'clear sky', 'icon': '02n'}]"
3453060,1553824994,Pontes e Lacerda,"{'Lat': -15.22611, 'Lon': -59.335281}","{'temp': 72.93, 'temp_min': 72.93, 'temp_max': 72.93, 'pressure': 1014.54, 'sea_level': 1014.54, 'grnd_level': 975.12, 'humidity': 94}","{'speed': 2.16, 'deg': 112.501}",,,{'today': 0},"[{'id': 800, 'main': 'Clear', 'description': 'clear sky', 'icon': '01n'}]"
3924679,1553824991,Vilhena,"{'Lat': -12.74056, 'Lon': -60.145828}","{'temp': 70.5, 'temp_min': 70.5, 'temp_max': 70.5, 'pressure': 1014.22, 'sea_level': 1014.22, 'grnd_level': 957.76, 'humidity': 97}","{'speed': 0.96, 'deg': 137.001}",{'3h': 2.135},,{'today': 88},"[{'id': 500, 'main': 'Rain', 'description': 'light rain', 'icon': '10n'}]"
3662762,1553824991,Porto Velho,"{'Lat': -8.76194, 'Lon': -63.903889}","{'temp': 77, 'temp_min': 77, 'temp_max': 77, 'pressure': 1013, 'humidity': 88}","{'speed': 1, 'deg': 360}",,,{'today': 75},"[{'id': 803, 'main': 'Clouds', 'description': 'broken clouds', 'icon': '04n'}]"
3664078,1553824994,Humaita,"{'Lat': -7.50611, 'Lon': -63.020828}","{'temp': 75.27, 'temp_min': 75.27, 'temp_max': 75.27, 'pressure': 1013.14, 'sea_level': 1013.14, 'grnd_level': 1003.12, 'humidity': 97}","{'speed': 0.96, 'deg': 229.501}",{'3h': 1.345},,{'today': 92},"[{'id': 500, 'main': 'Rain', 'description': 'light rain', 'icon': '10n'}]"
3664659,1553825020,Carauari,"{'Lat': -4.88278, 'Lon': -66.895828}","{'temp': 73.65, 'temp_min': 73.65, 'temp_max': 73.65, 'pressure': 1012.7, 'sea_level': 1012.7, 'grnd_level': 1004.56, 'humidity': 99}","{'speed': 1.51, 'deg': 41.0006}",{'3h': 9.29},,{'today': 80},"[{'id': 501, 'main': 'Rain', 'description': 'moderate rain', 'icon': '10n'}]"
3662342,1553824997,Sao Gabriel da Cachoeira,"{'Lat': -0.13028, 'Lon': -67.089172}","{'temp': 75.18, 'temp_min': 75.18, 'temp_max': 75.18, 'pressure': 1012.82, 'sea_level': 1012.82, 'grnd_level': 1000.56, 'humidity': 95}","{'speed': 1.36, 'deg': 148.001}",,,{'today': 92},"[{'id': 804, 'main': 'Clouds', 'description': 'overcast clouds', 'icon': '04n'}]"
3664539,1553824996,Coari,"{'Lat': -4.085, 'Lon': -63.141392}","{'temp': 76.8, 'temp_min': 76.8, 'temp_max': 76.8, 'pressure': 1012.5, 'sea_level': 1012.5, 'grnd_level': 1008, 'humidity': 95}","{'speed': 1.31, 'deg': 286.501}",,,{'today': 20},"[{'id': 801, 'main': 'Clouds', 'description': 'few clouds', 'icon': '02n'}]"
3663517,1553824991,Manaus,"{'Lat': -3.10194, 'Lon': -60.025002}","{'temp': 79.7, 'temp_min': 78.8, 'temp_max': 80.6, 'pressure': 1012, 'humidity': 83}","{'speed': 1.5, 'deg': 90}",,,{'today': 0},"[{'id': 800, 'main': 'Clear', 'description': 'clear sky', 'icon': '01n'}]"
3467747,1553824991,Campo Grande,"{'Lat': -20.44278, 'Lon': -54.646389}","{'temp': 80.6, 'temp_min': 80.6, 'temp_max': 80.6, 'pressure': 1019, 'humidity': 69}","{'speed': 3.6, 'deg': 100}",,,{'today': 40},"[{'id': 802, 'main': 'Clouds', 'description': 'scattered clouds', 'icon': '03n'}]"
3466750,1553824995,Cassilandia,"{'Lat': -19.113331, 'Lon': -51.734169}","{'temp': 70.95, 'temp_min': 70.95, 'temp_max': 70.95, 'pressure': 1016.66, 'sea_level': 1016.66, 'grnd_level': 953.92, 'humidity': 89}","{'speed': 1.46, 'deg': 93.5006}",,,{'today': 12},"[{'id': 801, 'main': 'Clouds', 'description': 'few clouds', 'icon': '02n'}]"
3465038,1553824991,Cuiaba,"{'Lat': -15.59611, 'Lon': -56.096668}","{'temp': 82.4, 'temp_min': 82.4, 'temp_max': 82.4, 'pressure': 1015, 'humidity': 88}","{'speed': 4.1, 'deg': 110}",,,{'today': 75},"[{'id': 803, 'main': 'Clouds', 'description': 'broken clouds', 'icon': '04n'}]"
3450909,1553828539,Rondonopolis,"{'Lat': -16.470831, 'Lon': -54.635559}","{'temp': 75.99, 'temp_min': 75.99, 'temp_max': 75.99, 'pressure': 1015.14, 'sea_level': 1015.14, 'grnd_level': 974.32, 'humidity': 83}","{'speed': 2.71, 'deg': 90.0006}",,,{'today': 68},"[{'id': 803, 'main': 'Clouds', 'description': 'broken clouds', 'icon': '04n'}]"
3462916,1553824995,Frutal,"{'Lat': -20.024719, 'Lon': -48.940559}","{'temp': 74.1, 'temp_min': 74.1, 'temp_max': 74.1, 'pressure': 1016.62, 'sea_level': 1016.62, 'grnd_level': 956.16, 'humidity': 67}","{'speed': 3.46, 'deg': 114.001}",,,{'today': 12},"[{'id': 801, 'main': 'Clouds', 'description': 'few clouds', 'icon': '02n'}]"
3469058,1553828539,Brasilia,"{'Lat': -15.77972, 'Lon': -47.929722}","{'temp': 71.6, 'temp_min': 71.6, 'temp_max': 71.6, 'pressure': 1022, 'humidity': 83}","{'speed': 2.6, 'deg': 140}",,,{'today': 20},"[{'id': 801, 'main': 'Clouds', 'description': 'few clouds', 'icon': '02n'}]"
3448455,1553828499,Sao Miguel do Araguaia,"{'Lat': -13.275, 'Lon': -50.162781}","{'temp': 75.72, 'temp_min': 75.72, 'temp_max': 75.72, 'pressure': 1013.86, 'sea_level': 1013.86, 'grnd_level': 980.4, 'humidity': 87}","{'speed': 1.61, 'deg': 105.501}",{'3h': 5.28},,{'today': 48},"[{'id': 501, 'main': 'Rain', 'description': 'moderate rain', 'icon': '10n'}]"
3453014,1553824995,Porangatu,"{'Lat': -13.44083, 'Lon': -49.148609}","{'temp': 74.46, 'temp_min': 74.46, 'temp_max': 74.46, 'pressure': 1014.34, 'sea_level': 1014.34, 'grnd_level': 956.88, 'humidity': 83}","{'speed': 3.06, 'deg': 110.501}",,,{'today': 44},"[{'id': 802, 'main': 'Clouds', 'description': 'scattered clouds', 'icon': '03n'}]"
3452599,1553824996,Posse,"{'Lat': -14.09306, 'Lon': -46.369438}","{'temp': 71.58, 'temp_min': 71.58, 'temp_max': 71.58, 'pressure': 1015.34, 'sea_level': 1015.34, 'grnd_level': 927.28, 'humidity': 82}","{'speed': 3.66, 'deg': 110.001}",,,{'today': 20},"[{'id': 801, 'main': 'Clouds', 'description': 'few clouds', 'icon': '02n'}]"
3388847,1553824997,Sao Felix do Xingu,"{'Lat': -6.64472, 'Lon': -51.994999}","{'temp': 74.1, 'temp_min': 74.1, 'temp_max': 74.1, 'pressure': 1013.3, 'sea_level': 1013.3, 'grnd_level': 981.52, 'humidity': 99}","{'speed': 0.96, 'deg': 198.501}",,,{'today': 68},"[{'id': 803, 'main': 'Clouds', 'description': 'broken clouds', 'icon': '04n'}]"
3397967,1553824993,Itaituba,"{'Lat': -4.27611, 'Lon': -55.983608}","{'temp': 78.87, 'temp_min': 78.87, 'temp_max': 78.87, 'pressure': 1012.14, 'sea_level': 1012.14, 'grnd_level': 1002.32, 'humidity': 84}","{'speed': 1.51, 'deg': 93.0006}",,,{'today': 20},"[{'id': 801, 'main': 'Clouds', 'description': 'few clouds', 'icon': '02n'}]"
3389353,1553824992,Santarem,"{'Lat': -2.44306, 'Lon': -54.708328}","{'temp': 80.6, 'temp_min': 80.6, 'temp_max': 80.6, 'pressure': 1012, 'humidity': 94}","{'speed': 1, 'deg': 120}",,,{'today': 40},"[{'id': 802, 'main': 'Clouds', 'description': 'scattered clouds', 'icon': '03n'}]"
3407882,1553824993,Altamira,"{'Lat': -3.20333, 'Lon': -52.20639}","{'temp': 77.34, 'temp_min': 77.34, 'temp_max': 77.34, 'pressure': 1012.66, 'sea_level': 1012.66, 'grnd_level': 1003.92, 'humidity': 93}","{'speed': 1.31, 'deg': 18.0006}",,,{'today': 24},"[{'id': 801, 'main': 'Clouds', 'description': 'few clouds', 'icon': '02n'}]"
3474574,1553825020,Palmas,"{'Lat': -10.21278, 'Lon': -48.360279}","{'temp': 72.3, 'temp_min': 72.3, 'temp_max': 72.3, 'pressure': 1014.02, 'sea_level': 1014.02, 'grnd_level': 985.92, 'humidity': 97}","{'speed': 2.71, 'deg': 168.501}",{'3h': 3.095},,{'today': 80},"[{'id': 501, 'main': 'Rain', 'description': 'moderate rain', 'icon': '10n'}]"
3395503,1553824992,Maraba,"{'Lat': -5.36861, 'Lon': -49.117779}","{'temp': 75.2, 'temp_min': 75.2, 'temp_max': 75.2, 'pressure': 1013, 'humidity': 100}","{'speed': 0.5, 'deg': 340}",,,{'today': 90},"[{'id': 500, 'main': 'Rain', 'description': 'light rain', 'icon': '10n'}, {'id': 211, 'main': 'Thunderstorm', 'description': 'thunderstorm', 'icon': '11n'}]"
3405870,1553825019,Belem,"{'Lat': -1.45583, 'Lon': -48.50444}","{'temp': 77, 'temp_min': 77, 'temp_max': 77, 'pressure': 1013, 'humidity': 94}","{'speed': 1.5, 'deg': 60}",,,{'today': 40},"[{'id': 802, 'main': 'Clouds', 'description': 'scattered clouds', 'icon': '03n'}]"
3398269,1553824991,Imperatriz,"{'Lat': -5.52639, 'Lon': -47.491669}","{'temp': 75.45, 'temp_min': 75.45, 'temp_max': 75.45, 'pressure': 1012.86, 'sea_level': 1012.86, 'grnd_level': 989.76, 'humidity': 94}","{'speed': 2.36, 'deg': 77.0006}",,,{'today': 44},"[{'id': 802, 'main': 'Clouds', 'description': 'scattered clouds', 'icon': '03n'}]"
3426466,1553828491,Grytviken,"{'Lat': -54.281109, 'Lon': -36.509201}","{'temp': 37.02, 'temp_min': 37.02, 'temp_max': 37.02, 'pressure': 1006.74, 'sea_level': 1006.74, 'grnd_level': 995.92, 'humidity': 100}","{'speed': 10.96, 'deg': 233.501}",,,{'today': 32},"[{'id': 802, 'main': 'Clouds', 'description': 'scattered clouds', 'icon': '03n'}]"
3451190,1553824991,Rio de Janeiro,"{'Lat': -22.902781, 'Lon': -43.2075}","{'temp': 74.19, 'temp_min': 71.6, 'temp_max': 77, 'pressure': 1022, 'humidity': 94}","{'speed': 3.1, 'deg': 20}",{'1h': 1.02},,{'today': 90},"[{'id': 501, 'main': 'Rain', 'description': 'moderate rain', 'icon': '10n'}]"
3470127,1553828539,Belo Horizonte,"{'Lat': -19.92083, 'Lon': -43.937778}","{'temp': 67.03, 'temp_min': 66.2, 'temp_max': 68, 'pressure': 1022, 'humidity': 72}","{'speed': 2.6, 'deg': 100}",,,{'today': 0},"[{'id': 800, 'main': 'Clear', 'description': 'clear sky', 'icon': '01n'}]"
3445026,1553825019,Vila Velha,"{'Lat': -20.32972, 'Lon': -40.2925}","{'temp': 75.65, 'temp_min': 75.2, 'temp_max': 75.99, 'pressure': 1019, 'humidity': 88}","{'speed': 4.1, 'deg': 220}",{'1h': 3.05},,{'today': 75},"[{'id': 501, 'main': 'Rain', 'description': 'moderate rain', 'icon': '10n'}]"
3460148,1553824993,Januaria,"{'Lat': -15.48333, 'Lon': -44.366669}","{'temp': 75.81, 'temp_min': 75.81, 'temp_max': 75.81, 'pressure': 1016.22, 'sea_level': 1016.22, 'grnd_level': 950.4, 'humidity': 69}","{'speed': 4.96, 'deg': 95.5006}",,,{'today': 88},"[{'id': 804, 'main': 'Clouds', 'description': 'overcast clouds', 'icon': '04n'}]"
3456814,1553824992,Montes Claros,"{'Lat': -16.735001, 'Lon': -43.861671}","{'temp': 70.86, 'temp_min': 70.86, 'temp_max': 70.86, 'pressure': 1017.06, 'sea_level': 1017.06, 'grnd_level': 924, 'humidity': 72}","{'speed': 4.21, 'deg': 93.5006}",,,{'today': 76},"[{'id': 803, 'main': 'Clouds', 'description': 'broken clouds', 'icon': '04n'}]"
3460174,1553824993,Janauba,"{'Lat': -15.8025, 'Lon': -43.308891}","{'temp': 73.11, 'temp_min': 73.11, 'temp_max': 73.11, 'pressure': 1016.5, 'sea_level': 1016.5, 'grnd_level': 946.4, 'humidity': 74}","{'speed': 4.56, 'deg': 109.501}",,,{'today': 8},"[{'id': 800, 'main': 'Clear', 'description': 'clear sky', 'icon': '02n'}]"
3470583,1553824992,Barreiras,"{'Lat': -12.15278, 'Lon': -44.990002}","{'temp': 66.81, 'temp_min': 66.81, 'temp_max': 66.81, 'pressure': 1015.14, 'sea_level': 1015.14, 'grnd_level': 949.04, 'humidity': 96}","{'speed': 1.51, 'deg': 229.501}",{'3h': 3.105},,{'today': 8},"[{'id': 501, 'main': 'Rain', 'description': 'moderate rain', 'icon': '10n'}]"
3456102,1553824996,Nova Vicosa,"{'Lat': -17.891939, 'Lon': -39.371941}","{'temp': 78.51, 'temp_min': 78.51, 'temp_max': 78.51, 'pressure': 1017.78, 'sea_level': 1017.78, 'grnd_level': 1015.04, 'humidity': 86}","{'speed': 5.66, 'deg': 155.501}",{'3h': 0.13},,{'today': 88},"[{'id': 500, 'main': 'Rain', 'description': 'light rain', 'icon': '10n'}]"
3450554,1553825019,Salvador,"{'Lat': -12.97111, 'Lon': -38.51083}","{'temp': 84.2, 'temp_min': 84.2, 'temp_max': 84.2, 'pressure': 1016, 'humidity': 74}","{'speed': 4.1, 'deg': 130}",,,{'today': 40},"[{'id': 802, 'main': 'Clouds', 'description': 'scattered clouds', 'icon': '03n'}]"
3392242,1553824992,Petrolina,"{'Lat': -9.39861, 'Lon': -40.500832}","{'temp': 80.6, 'temp_min': 80.6, 'temp_max': 80.6, 'pressure': 1016, 'humidity': 65}","{'speed': 3.1, 'deg': 140}",,,{'today': 0},"[{'id': 800, 'main': 'Clear', 'description': 'clear sky', 'icon': '01n'}]"
3401703,1553824995,Coroata,"{'Lat': -4.13, 'Lon': -44.124168}","{'temp': 75, 'temp_min': 75, 'temp_max': 75, 'pressure': 1013.06, 'sea_level': 1013.06, 'grnd_level': 1007.04, 'humidity': 96}","{'speed': 1.61, 'deg': 34.0006}",{'3h': 1.36},,{'today': 92},"[{'id': 500, 'main': 'Rain', 'description': 'light rain', 'icon': '10n'}]"
3386496,1553824991,Teresina,"{'Lat': -5.08917, 'Lon': -42.801941}","{'temp': 78.8, 'temp_min': 78.8, 'temp_max': 78.8, 'pressure': 1014, 'humidity': 94}","{'speed': 1.21, 'deg': 316.001}",,,{'today': 75},"[{'id': 803, 'main': 'Clouds', 'description': 'broken clouds', 'icon': '04n'}]"
3388368,1553828498,Sao Luis,"{'Lat': -2.52972, 'Lon': -44.30278}","{'temp': 77, 'temp_min': 77, 'temp_max': 77, 'pressure': 1014, 'humidity': 94}","{'speed': 1.5, 'deg': 80}",,,{'today': 75},"[{'id': 803, 'main': 'Clouds', 'description': 'broken clouds', 'icon': '04n'}]"
3454231,1553824992,Penedo,"{'Lat': -10.29028, 'Lon': -36.586391}","{'temp': 76.08, 'temp_min': 76.08, 'temp_max': 76.08, 'pressure': 1014.42, 'sea_level': 1014.42, 'grnd_level': 1004.32, 'humidity': 95}","{'speed': 2.31, 'deg': 136.501}",{'3h': 1.96},,{'today': 44},"[{'id': 500, 'main': 'Rain', 'description': 'light rain', 'icon': '10n'}]"
3397147,1553824992,Juazeiro do Norte,"{'Lat': -7.21306, 'Lon': -39.315281}","{'temp': 75.2, 'temp_min': 75.2, 'temp_max': 75.2, 'pressure': 1018, 'humidity': 88}","{'speed': 1.41, 'deg': 99.5006}",,,{'today': 40},"[{'id': 802, 'main': 'Clouds', 'description': 'scattered clouds', 'icon': '03n'}]"
3398331,1553824994,Iguatu,"{'Lat': -6.35944, 'Lon': -39.298611}","{'temp': 71.49, 'temp_min': 71.49, 'temp_max': 71.49, 'pressure': 1013.42, 'sea_level': 1013.42, 'grnd_level': 980, 'humidity': 96}","{'speed': 1.81, 'deg': 224.501}",{'3h': 5.89},,{'today': 92},"[{'id': 501, 'main': 'Rain', 'description': 'moderate rain', 'icon': '10n'}]"
3390760,1553824991,Recife,"{'Lat': -8.05389, 'Lon': -34.881111}","{'temp': 80.6, 'temp_min': 80.6, 'temp_max': 80.6, 'pressure': 1014, 'humidity': 78}","{'speed': 5.1, 'deg': 160}",,,{'today': 20},"[{'id': 801, 'main': 'Clouds', 'description': 'few clouds', 'icon': '02n'}]"
3399415,1553825019,Fortaleza,"{'Lat': -3.71722, 'Lon': -38.54306}","{'temp': 77.5, 'temp_min': 75, 'temp_max': 79, 'pressure': 1014, 'humidity': 88}","{'speed': 1, 'deg': 190}",,,{'today': 0},"[{'id': 800, 'main': 'Clear', 'description': 'clear sky', 'icon': '01n'}]"
5856195,1553825088,Honolulu,"{'Lat': 21.30694, 'Lon': -157.858337}","{'temp': 78.89, 'temp_min': 75.99, 'temp_max': 82.4, 'pressure': 1012, 'humidity': 61}","{'speed': 5.1, 'deg': 320}",,,{'today': 1},"[{'id': 800, 'main': 'Clear', 'description': 'clear sky', 'icon': '01n'}]"
5855927,1553828515,Hilo,"{'Lat': 19.729719, 'Lon': -155.089996}","{'temp': 72.7, 'temp_min': 70, 'temp_max': 77, 'pressure': 1012, 'humidity': 65}","{'speed': 5.7, 'deg': 30}",,,{'today': 90},"[{'id': 804, 'main': 'Clouds', 'description': 'overcast clouds', 'icon': '04n'}]"
5879400,1553825088,Anchorage,"{'Lat': 61.21806, 'Lon': -149.900284}","{'temp': 44.64, 'temp_min': 41, 'temp_max': 48.2, 'pressure': 1024, 'humidity': 65}","{'speed': 5.1, 'deg': 270}",,,{'today': 20},"[{'id': 801, 'main': 'Clouds', 'description': 'few clouds', 'icon': '02n'}]"
5861897,1553825088,Fairbanks,"{'Lat': 64.837784, 'Lon': -147.716385}","{'temp': 42.06, 'temp_min': 39, 'temp_max': 45, 'pressure': 1021, 'humidity': 86}","{'speed': 3.11, 'deg': 265.001}",,,{'today': 90},"[{'id': 804, 'main': 'Clouds', 'description': 'overcast clouds', 'icon': '04n'}]"
6180550,1553828495,Whitehorse,"{'Lat': 60.71611, 'Lon': -135.053757}","{'temp': 51.8, 'temp_min': 51.8, 'temp_max': 51.8, 'pressure': 1018, 'humidity': 29}","{'speed': 4.6, 'deg': 160}",,,{'today': 20},"[{'id': 801, 'main': 'Clouds', 'description': 'few clouds', 'icon': '02n'}]"
3996069,1553824967,Mexicali,"{'Lat': 32.651939, 'Lon': -115.46833}","{'temp': 78.12, 'temp_min': 71.6, 'temp_max': 80.6, 'pressure': 1016, 'humidity': 15}","{'speed': 3.1, 'deg': 270}",,,{'today': 1},"[{'id': 800, 'main': 'Clear', 'description': 'clear sky', 'icon': '01n'}]"
3984237,1553828526,Santa Isabel,"{'Lat': 28.383329, 'Lon': -113.349998}","{'temp': 60.51, 'temp_min': 60.51, 'temp_max': 60.51, 'pressure': 1016.98, 'sea_level': 1016.98, 'grnd_level': 962.16, 'humidity': 36}","{'speed': 0.96, 'deg': 251.001}",,,{'today': 0},"[{'id': 800, 'main': 'Clear', 'description': 'clear sky', 'icon': '01n'}]"
5391959,1553825085,San Francisco,"{'Lat': 37.774929, 'Lon': -122.419418}","{'temp': 53.29, 'temp_min': 48.99, 'temp_max': 57.2, 'pressure': 1024, 'humidity': 62}","{'speed': 2.1, 'deg': 220}",{'1h': 1.02},,{'today': 90},"[{'id': 501, 'main': 'Rain', 'description': 'moderate rain', 'icon': '10n'}]"
5392171,1553825085,San Jose,"{'Lat': 37.33939, 'Lon': -121.894958}","{'temp': 53.82, 'temp_min': 48.99, 'temp_max': 57.2, 'pressure': 1024, 'humidity': 62}","{'speed': 2.1, 'deg': 220}",{'1h': 0.64},,{'today': 90},"[{'id': 501, 'main': 'Rain', 'description': 'moderate rain', 'icon': '10n'}]"
5368361,1553825084,Los Angeles,"{'Lat': 34.052231, 'Lon': -118.243683}","{'temp': 60.78, 'temp_min': 57, 'temp_max': 64.99, 'pressure': 1021, 'humidity': 55}","{'speed': 7.2, 'deg': 250}",,,{'today': 20},"[{'id': 801, 'main': 'Clouds', 'description': 'few clouds', 'icon': '02n'}]"
5350937,1553825083,Fresno,"{'Lat': 36.74773, 'Lon': -119.772369}","{'temp': 61.03, 'temp_min': 48, 'temp_max': 69.8, 'pressure': 1022, 'humidity': 39}","{'speed': 4.1, 'deg': 330}",,,{'today': 1},"[{'id': 800, 'main': 'Clear', 'description': 'clear sky', 'icon': '01n'}]"
5570160,1553825086,Redding,"{'Lat': 40.58654, 'Lon': -122.391678}","{'temp': 47.64, 'temp_min': 42.01, 'temp_max': 55.4, 'pressure': 1021, 'humidity': 61}","{'speed': 2.6, 'deg': 220}",{'1h': 0.25},,{'today': 75},"[{'id': 500, 'main': 'Rain', 'description': 'light rain', 'icon': '10n'}]"
5740099,1553825087,Medford,"{'Lat': 42.326519, 'Lon': -122.875587}","{'temp': 49.15, 'temp_min': 39.2, 'temp_max': 57.2, 'pressure': 1020, 'humidity': 50}","{'speed': 4.1, 'deg': 230}",,,{'today': 75},"[{'id': 803, 'main': 'Clouds', 'description': 'broken clouds', 'icon': '04n'}]"
5725846,1553825087,Eugene,"{'Lat': 44.052071, 'Lon': -123.086746}","{'temp': 50.13, 'temp_min': 46, 'temp_max': 54, 'pressure': 1022, 'humidity': 85}","{'speed': 0.86, 'deg': 92.5006}",{'1h': 0.99},,{'today': 92},"[{'id': 500, 'main': 'Rain', 'description': 'light rain', 'icon': '10n'}]"
5506956,1553825086,Las Vegas,"{'Lat': 36.174969, 'Lon': -115.137222}","{'temp': 69.67, 'temp_min': 66.2, 'temp_max': 73.4, 'pressure': 1014, 'humidity': 21}","{'speed': 5.1, 'deg': 210}",,,{'today': 20},"[{'id': 801, 'main': 'Clouds', 'description': 'few clouds', 'icon': '02n'}]"
5536630,1553825016,Cedar City,"{'Lat': 37.677479, 'Lon': -113.06189}","{'temp': 51.91, 'temp_min': 48.99, 'temp_max': 55.4, 'pressure': 1016, 'humidity': 24}","{'speed': 9.3, 'deg': 210}",,,{'today': 1},"[{'id': 800, 'main': 'Clear', 'description': 'clear sky', 'icon': '01n'}]"
5703670,1553828530,Elko,"{'Lat': 40.83242, 'Lon': -115.763123}","{'temp': 33.75, 'temp_min': 28.99, 'temp_max': 39.2, 'pressure': 1019, 'humidity': 64}","{'speed': 3.1, 'deg': 40}",,,{'today': 1},"[{'id': 800, 'main': 'Clear', 'description': 'clear sky', 'icon': '01n'}]"
5601933,1553825087,Nampa,"{'Lat': 43.540722, 'Lon': -116.563461}","{'temp': 47.44, 'temp_min': 41, 'temp_max': 53.6, 'pressure': 1019, 'humidity': 81}","{'speed': 6.2, 'deg': 320}",,,{'today': 1},"[{'id': 800, 'main': 'Clear', 'description': 'clear sky', 'icon': '01n'}]"
5587698,1553825086,Caldwell,"{'Lat': 43.662941, 'Lon': -116.687363}","{'temp': 47.44, 'temp_min': 41, 'temp_max': 53.6, 'pressure': 1019, 'humidity': 81}","{'speed': 6.2, 'deg': 320}",,,{'today': 1},"[{'id': 800, 'main': 'Clear', 'description': 'clear sky', 'icon': '01n'}]"
5586437,1553825086,Boise,"{'Lat': 43.613499, 'Lon': -116.203453}","{'temp': 46.33, 'temp_min': 37.99, 'temp_max': 51.8, 'pressure': 1019, 'humidity': 81}","{'speed': 6.2, 'deg': 320}",,,{'today': 1},"[{'id': 800, 'main': 'Clear', 'description': 'clear sky', 'icon': '01n'}]"
4017957,1553824968,Autlan de Navarro,"{'Lat': 19.76667, 'Lon': -104.366669}","{'temp': 64.02, 'temp_min': 64.02, 'temp_max': 64.02, 'pressure': 1013.9, 'sea_level': 1013.9, 'grnd_level': 882.8, 'humidity': 54}","{'speed': 0.91, 'deg': 224.501}",,,{'today': 0},"[{'id': 800, 'main': 'Clear', 'description': 'clear sky', 'icon': '01n'}]"
4005539,1553824967,Guadalajara,"{'Lat': 20.66667, 'Lon': -103.333328}","{'temp': 84.2, 'temp_min': 84.2, 'temp_max': 84.2, 'pressure': 1020, 'humidity': 13}","{'speed': 3.6, 'deg': 270}",,,{'today': 5},"[{'id': 800, 'main': 'Clear', 'description': 'clear sky', 'icon': '02n'}]"
3533462,1553825048,Acapulco de Juarez,"{'Lat': 16.863359, 'Lon': -99.890099}","{'temp': 82.4, 'temp_min': 82.4, 'temp_max': 82.4, 'pressure': 1012, 'humidity': 69}","{'speed': 2.1, 'deg': 250}",,,{'today': 40},"[{'id': 802, 'main': 'Clouds', 'description': 'scattered clouds', 'icon': '03n'}]"
3530597,1553828540,Mexico City,"{'Lat': 19.428471, 'Lon': -99.127663}","{'temp': 65.43, 'temp_min': 59, 'temp_max': 69.8, 'pressure': 1027, 'humidity': 19}","{'speed': 6.2, 'deg': 50}",,,{'today': 5},"[{'id': 800, 'main': 'Clear', 'description': 'clear sky', 'icon': '02n'}]"
3521081,1553824967,Puebla de Zaragoza,"{'Lat': 19.049999, 'Lon': -98.199997}","{'temp': 68, 'temp_min': 68, 'temp_max': 68, 'pressure': 1026, 'humidity': 18}","{'speed': 4.1, 'deg': 200}",,,{'today': 5},"[{'id': 711, 'main': 'Smoke', 'description': 'smoke', 'icon': '50n'}]"
3514783,1553824967,Veracruz,"{'Lat': 19.200001, 'Lon': -96.133331}","{'temp': 73.4, 'temp_min': 73.4, 'temp_max': 73.4, 'pressure': 1018, 'humidity': 73}","{'speed': 4.1, 'deg': 70}",,,{'today': 5},"[{'id': 800, 'main': 'Clear', 'description': 'clear sky', 'icon': '02n'}]"
3516355,1553824967,Tampico,"{'Lat': 22.216669, 'Lon': -97.849998}","{'temp': 71.6, 'temp_min': 71.6, 'temp_max': 71.6, 'pressure': 1017, 'humidity': 78}","{'speed': 7.7, 'deg': 120}",,,{'today': 5},"[{'id': 800, 'main': 'Clear', 'description': 'clear sky', 'icon': '02n'}]"
3515001,1553824967,Tuxtla Gutierrez,"{'Lat': 16.75, 'Lon': -93.116669}","{'temp': 75.2, 'temp_min': 75.2, 'temp_max': 75.2, 'pressure': 1016, 'humidity': 60}","{'speed': 10.3, 'deg': 300}",,,{'today': 40},"[{'id': 711, 'main': 'Smoke', 'description': 'smoke', 'icon': '50n'}, {'id': 721, 'main': 'Haze', 'description': 'haze', 'icon': '50n'}]"
3598132,1553825013,Guatemala City,"{'Lat': 14.64072, 'Lon': -90.513268}","{'temp': 66.2, 'temp_min': 66.2, 'temp_max': 66.2, 'pressure': 1026, 'humidity': 68}","{'speed': 8.2, 'deg': 360}",,,{'today': 20},"[{'id': 801, 'main': 'Clouds', 'description': 'few clouds', 'icon': '02n'}]"
3515956,1553824968,Tenosique de Pino Suarez,"{'Lat': 17.48333, 'Lon': -91.433327}","{'temp': 80.6, 'temp_min': 80.6, 'temp_max': 80.6, 'pressure': 1014, 'humidity': 57}","{'speed': 0.46, 'deg': 141.501}",,,{'today': 75},"[{'id': 803, 'main': 'Clouds', 'description': 'broken clouds', 'icon': '04n'}]"
4013723,1553828511,Ciudad Constitucion,"{'Lat': 25.03694, 'Lon': -111.664436}","{'temp': 67.89, 'temp_min': 67.89, 'temp_max': 67.89, 'pressure': 1016.06, 'sea_level': 1016.06, 'grnd_level': 1002.4, 'humidity': 46}","{'speed': 4.11, 'deg': 300.501}",,,{'today': 8},"[{'id': 800, 'main': 'Clear', 'description': 'clear sky', 'icon': '02n'}]"
3986172,1553824967,San Jose del Cabo,"{'Lat': 23.05888, 'Lon': -109.697708}","{'temp': 75.15, 'temp_min': 69.01, 'temp_max': 78.8, 'pressure': 1016, 'humidity': 16}","{'speed': 5.1, 'deg': 130}",,,{'today': 5},"[{'id': 800, 'main': 'Clear', 'description': 'clear sky', 'icon': '02n'}]"
4000900,1553824967,La Paz,"{'Lat': 24.16667, 'Lon': -110.300003}","{'temp': 72.43, 'temp_min': 68, 'temp_max': 77, 'pressure': 1015, 'humidity': 41}","{'speed': 5.1, 'deg': 320}",,,{'today': 5},"[{'id': 800, 'main': 'Clear', 'description': 'clear sky', 'icon': '02n'}]"
4012176,1553828495,Culiacan,"{'Lat': 24.79944, 'Lon': -107.389717}","{'temp': 68, 'temp_min': 64.99, 'temp_max': 70, 'pressure': 1012, 'humidity': 63}","{'speed': 2.51, 'deg': 283.501}",,,{'today': 0},"[{'id': 800, 'main': 'Clear', 'description': 'clear sky', 'icon': '01n'}]"
3997479,1553824967,Los Mochis,"{'Lat': 25.76667, 'Lon': -108.966667}","{'temp': 74.1, 'temp_min': 71.01, 'temp_max': 80.6, 'pressure': 1015, 'humidity': 22}","{'speed': 6.2, 'deg': 300}",,,{'today': 5},"[{'id': 800, 'main': 'Clear', 'description': 'clear sky', 'icon': '02n'}]"
4004887,1553824969,Heroica Caborca,"{'Lat': 30.716669, 'Lon': -112.150002}","{'temp': 72.57, 'temp_min': 71.01, 'temp_max': 75, 'pressure': 1014, 'humidity': 30}","{'speed': 3.58, 'deg': 270}",,,{'today': 0},"[{'id': 800, 'main': 'Clear', 'description': 'clear sky', 'icon': '01n'}]"
4004898,1553825049,Hermosillo,"{'Lat': 29.066669, 'Lon': -110.966667}","{'temp': 80.6, 'temp_min': 78.01, 'temp_max': 82.99, 'pressure': 1018, 'humidity': 18}","{'speed': 1.34, 'deg': 245}",,,{'today': 0},"[{'id': 800, 'main': 'Clear', 'description': 'clear sky', 'icon': '01n'}]"
5308655,1553825082,Phoenix,"{'Lat': 33.44838, 'Lon': -112.074043}","{'temp': 77.92, 'temp_min': 75, 'temp_max': 81, 'pressure': 1015, 'humidity': 12}","{'speed': 3.1, 'deg': 220}",,,{'today': 5},"[{'id': 800, 'main': 'Clear', 'description': 'clear sky', 'icon': '02n'}]"
4019260,1553824969,Agua Prieta,"{'Lat': 31.299999, 'Lon': -109.566673}","{'temp': 66.72, 'temp_min': 64.99, 'temp_max': 68, 'pressure': 1020, 'humidity': 14}","{'speed': 1.79, 'deg': 350}",,,{'today': 0},"[{'id': 800, 'main': 'Clear', 'description': 'clear sky', 'icon': '01n'}]"
4011743,1553828518,Durango,"{'Lat': 24.033331, 'Lon': -104.666672}","{'temp': 73.4, 'temp_min': 73.4, 'temp_max': 73.4, 'pressure': 1023, 'humidity': 11}","{'speed': 6.2, 'deg': 220}",,,{'today': 5},"[{'id': 800, 'main': 'Clear', 'description': 'clear sky', 'icon': '02n'}]"
3979844,1553824967,Zacatecas,"{'Lat': 22.775591, 'Lon': -102.572182}","{'temp': 77, 'temp_min': 77, 'temp_max': 77, 'pressure': 1023, 'humidity': 29}","{'speed': 5.1, 'deg': 240}",,,{'today': 40},"[{'id': 802, 'main': 'Clouds', 'description': 'scattered clouds', 'icon': '03n'}]"
4014338,1553828518,Chihuahua,"{'Lat': 28.633329, 'Lon': -106.083328}","{'temp': 72.82, 'temp_min': 72, 'temp_max': 73.4, 'pressure': 1017, 'humidity': 18}","{'speed': 1.5, 'deg': 80}",,,{'today': 5},"[{'id': 800, 'main': 'Clear', 'description': 'clear sky', 'icon': '02n'}]"
4013708,1553828518,Ciudad Juarez,"{'Lat': 31.73333, 'Lon': -106.48333}","{'temp': 72.27, 'temp_min': 66.99, 'temp_max': 78.8, 'pressure': 1017, 'humidity': 12}","{'speed': 3.1, 'deg': 270}",,,{'today': 1},"[{'id': 800, 'main': 'Clear', 'description': 'clear sky', 'icon': '01n'}]"
5488441,1553828515,Roswell,"{'Lat': 33.394272, 'Lon': -104.523018}","{'temp': 68.54, 'temp_min': 60.01, 'temp_max': 75.2, 'pressure': 1014, 'humidity': 16}","{'speed': 5.1, 'deg': 220}",,,{'today': 1},"[{'id': 800, 'main': 'Clear', 'description': 'clear sky', 'icon': '01n'}]"
5525577,1553828530,Lubbock,"{'Lat': 33.577862, 'Lon': -101.855171}","{'temp': 71.6, 'temp_min': 69.8, 'temp_max': 75, 'pressure': 1013, 'humidity': 32}","{'speed': 5.1, 'deg': 200}",,,{'today': 40},"[{'id': 802, 'main': 'Clouds', 'description': 'scattered clouds', 'icon': '03n'}]"
5423573,1553828491,Grand Junction,"{'Lat': 39.063869, 'Lon': -108.550652}","{'temp': 54.91, 'temp_min': 51.01, 'temp_max': 59, 'pressure': 1015, 'humidity': 21}","{'speed': 2.76, 'deg': 226.501}",,,{'today': 1},"[{'id': 800, 'main': 'Clear', 'description': 'clear sky', 'icon': '01n'}]"
5780993,1553825087,Salt Lake City,"{'Lat': 40.76078, 'Lon': -111.891052}","{'temp': 42.19, 'temp_min': 37, 'temp_max': 48.2, 'pressure': 1017, 'humidity': 86}","{'speed': 8.2, 'deg': 300}",{'1h': 1.69},,{'today': 90},"[{'id': 521, 'main': 'Rain', 'description': 'shower rain', 'icon': '09n'}]"
5596475,1553828540,Idaho Falls,"{'Lat': 43.466579, 'Lon': -112.034142}","{'temp': 41.49, 'temp_min': 37, 'temp_max': 44.6, 'pressure': 1017, 'humidity': 48}","{'speed': 3.1, 'deg': 180}",,,{'today': 1},"[{'id': 800, 'main': 'Clear', 'description': 'clear sky', 'icon': '01n'}]"
5836898,1553828531,Rock Springs,"{'Lat': 41.58746, 'Lon': -109.202904}","{'temp': 37.4, 'temp_min': 37.4, 'temp_max': 37.4, 'pressure': 1017, 'humidity': 51}","{'speed': 3.6, 'deg': 290}",,,{'today': 1},"[{'id': 800, 'main': 'Clear', 'description': 'clear sky', 'icon': '01n'}]"
5454711,1553825086,Albuquerque,"{'Lat': 35.084492, 'Lon': -106.651138}","{'temp': 65.46, 'temp_min': 53.01, 'temp_max': 71.6, 'pressure': 1016, 'humidity': 9}","{'speed': 3.6, 'deg': 300}",,,{'today': 20},"[{'id': 801, 'main': 'Clouds', 'description': 'few clouds', 'icon': '02n'}]"
5516233,1553828515,Amarillo,"{'Lat': 35.222, 'Lon': -101.831299}","{'temp': 63.45, 'temp_min': 57.99, 'temp_max': 66.99, 'pressure': 1013, 'humidity': 63}","{'speed': 5.1, 'deg': 60}",,,{'today': 1},"[{'id': 800, 'main': 'Clear', 'description': 'clear sky', 'icon': '01n'}]"
5419384,1553825086,Denver,"{'Lat': 39.739151, 'Lon': -104.984703}","{'temp': 42.12, 'temp_min': 39.2, 'temp_max': 45, 'pressure': 1019, 'humidity': 81}","{'speed': 3.1, 'deg': 60}",,,{'today': 90},"[{'id': 701, 'main': 'Mist', 'description': 'mist', 'icon': '50n'}]"
5821086,1553825015,Cheyenne,"{'Lat': 41.13998, 'Lon': -104.820251}","{'temp': 37.04, 'temp_min': 33.01, 'temp_max': 39.99, 'pressure': 1019, 'humidity': 100}","{'speed': 4.6, 'deg': 120}",,,{'today': 75},"[{'id': 741, 'main': 'Fog', 'description': 'fog', 'icon': '50n'}, {'id': 500, 'main': 'Rain', 'description': 'light rain', 'icon': '10n'}, {'id': 701, 'main': 'Mist', 'description': 'mist', 'icon': '50n'}]"
5768233,1553828530,Rapid City,"{'Lat': 44.08054, 'Lon': -103.23101}","{'temp': 36.7, 'temp_min': 30.99, 'temp_max': 39.99, 'pressure': 1022, 'humidity': 100}","{'speed': 6.2, 'deg': 130}",,,{'today': 90},"[{'id': 804, 'main': 'Clouds', 'description': 'overcast clouds', 'icon': '04n'}]"
3988086,1553824967,Saltillo,"{'Lat': 25.41667, 'Lon': -101}","{'temp': 65.41, 'temp_min': 60.01, 'temp_max': 69.01, 'pressure': 1021, 'humidity': 52}","{'speed': 3.1, 'deg': 360}",,,{'today': 5},"[{'id': 800, 'main': 'Clear', 'description': 'clear sky', 'icon': '02n'}]"
3995465,1553824967,Monterrey,"{'Lat': 25.66667, 'Lon': -100.316673}","{'temp': 67.57, 'temp_min': 60.01, 'temp_max': 75.2, 'pressure': 1015, 'humidity': 64}","{'speed': 2.6, 'deg': 150}",,,{'today': 40},"[{'id': 802, 'main': 'Clouds', 'description': 'scattered clouds', 'icon': '03n'}]"
3522551,1553825048,Nuevo Laredo,"{'Lat': 27.47629, 'Lon': -99.516388}","{'temp': 77.81, 'temp_min': 75.2, 'temp_max': 80.6, 'pressure': 1015, 'humidity': 47}","{'speed': 6.7, 'deg': 120}",,,{'today': 1},"[{'id': 800, 'main': 'Clear', 'description': 'clear sky', 'icon': '01n'}]"
4726206,1553825071,San Antonio,"{'Lat': 29.42412, 'Lon': -98.493629}","{'temp': 68.59, 'temp_min': 66, 'temp_max': 72, 'pressure': 1018, 'humidity': 64}","{'speed': 6.2, 'deg': 150}",,,{'today': 1},"[{'id': 800, 'main': 'Clear', 'description': 'clear sky', 'icon': '01n'}]"
4699066,1553825070,Houston,"{'Lat': 29.763281, 'Lon': -95.363274}","{'temp': 66.78, 'temp_min': 64, 'temp_max': 69.01, 'pressure': 1021, 'humidity': 72}","{'speed': 4.1, 'deg': 160}",,,{'today': 75},"[{'id': 803, 'main': 'Clouds', 'description': 'broken clouds', 'icon': '04n'}]"
4341513,1553825067,Shreveport,"{'Lat': 32.52515, 'Lon': -93.750183}","{'temp': 66.6, 'temp_min': 64, 'temp_max': 68, 'pressure': 1020, 'humidity': 60}","{'speed': 5.1, 'deg': 190}",,,{'today': 1},"[{'id': 800, 'main': 'Clear', 'description': 'clear sky', 'icon': '01n'}]"
4330145,1553825066,Lafayette,"{'Lat': 30.224091, 'Lon': -92.019836}","{'temp': 63.37, 'temp_min': 60.8, 'temp_max': 66.2, 'pressure': 1023, 'humidity': 63}","{'speed': 3.1, 'deg': 180}",,,{'today': 1},"[{'id': 800, 'main': 'Clear', 'description': 'clear sky', 'icon': '01n'}]"
4335045,1553825067,New Orleans,"{'Lat': 29.954651, 'Lon': -90.075073}","{'temp': 60.73, 'temp_min': 55, 'temp_max': 66.2, 'pressure': 1024, 'humidity': 59}","{'speed': 2.6, 'deg': 190}",,,{'today': 1},"[{'id': 800, 'main': 'Clear', 'description': 'clear sky', 'icon': '01n'}]"
4333669,1553828514,Monroe,"{'Lat': 32.509312, 'Lon': -92.119301}","{'temp': 64.24, 'temp_min': 64, 'temp_max': 64.4, 'pressure': 1023, 'humidity': 59}","{'speed': 3.56, 'deg': 179.001}",,,{'today': 1},"[{'id': 800, 'main': 'Clear', 'description': 'clear sky', 'icon': '01n'}]"
5445298,1553828549,Dodge City,"{'Lat': 37.7528, 'Lon': -100.017082}","{'temp': 45.16, 'temp_min': 44.01, 'temp_max': 46.99, 'pressure': 1016, 'humidity': 93}","{'speed': 8.7, 'deg': 50}",,,{'today': 90},"[{'id': 721, 'main': 'Haze', 'description': 'haze', 'icon': '50n'}, {'id': 701, 'main': 'Mist', 'description': 'mist', 'icon': '50n'}]"
4544349,1553825069,Oklahoma City,"{'Lat': 35.46756, 'Lon': -97.516434}","{'temp': 67.96, 'temp_min': 66, 'temp_max': 69.8, 'pressure': 1014, 'humidity': 68}","{'speed': 6.2, 'deg': 180}",,,{'today': 75},"[{'id': 803, 'main': 'Clouds', 'description': 'broken clouds', 'icon': '04n'}]"
4535740,1553825069,Edmond,"{'Lat': 35.652828, 'Lon': -97.478104}","{'temp': 67.98, 'temp_min': 66, 'temp_max': 69.8, 'pressure': 1014, 'humidity': 68}","{'speed': 6.2, 'deg': 180}",,,{'today': 75},"[{'id': 803, 'main': 'Clouds', 'description': 'broken clouds', 'icon': '04n'}]"
4553433,1553825069,Tulsa,"{'Lat': 36.15398, 'Lon': -95.992783}","{'temp': 68.63, 'temp_min': 66, 'temp_max': 71.6, 'pressure': 1015, 'humidity': 53}","{'speed': 4.1, 'deg': 180}",,,{'today': 90},"[{'id': 804, 'main': 'Clouds', 'description': 'overcast clouds', 'icon': '04n'}]"
4278890,1553828529,Salina,"{'Lat': 38.840279, 'Lon': -97.61142}","{'temp': 45.82, 'temp_min': 45, 'temp_max': 46.4, 'pressure': 1018, 'humidity': 87}","{'speed': 6.7, 'deg': 20}",,,{'today': 90},"[{'id': 804, 'main': 'Clouds', 'description': 'overcast clouds', 'icon': '04n'}]"
4280539,1553825066,Topeka,"{'Lat': 39.048328, 'Lon': -95.67804}","{'temp': 54.01, 'temp_min': 50, 'temp_max': 59, 'pressure': 1017, 'humidity': 93}","{'speed': 4.1, 'deg': 10}",{'1h': 0.64},,{'today': 90},"[{'id': 500, 'main': 'Rain', 'description': 'light rain', 'icon': '10n'}, {'id': 701, 'main': 'Mist', 'description': 'mist', 'icon': '50n'}]"
5069297,1553828529,Grand Island,"{'Lat': 40.925011, 'Lon': -98.34201}","{'temp': 45.03, 'temp_min': 44.01, 'temp_max': 46.4, 'pressure': 1021, 'humidity': 65}","{'speed': 6.7, 'deg': 50}",,,{'today': 90},"[{'id': 804, 'main': 'Clouds', 'description': 'overcast clouds', 'icon': '04n'}]"
5074472,1553825077,Omaha,"{'Lat': 41.25861, 'Lon': -95.93779}","{'temp': 48.69, 'temp_min': 46, 'temp_max': 51.8, 'pressure': 1020, 'humidity': 66}","{'speed': 6.2, 'deg': 20}",,,{'today': 90},"[{'id': 804, 'main': 'Clouds', 'description': 'overcast clouds', 'icon': '04n'}]"
5231851,1553828515,Sioux Falls,"{'Lat': 43.549969, 'Lon': -96.700333}","{'temp': 36.27, 'temp_min': 33.8, 'temp_max': 39.2, 'pressure': 1023, 'humidity': 80}","{'speed': 4.6, 'deg': 30}",,,{'today': 1},"[{'id': 800, 'main': 'Clear', 'description': 'clear sky', 'icon': '01n'}]"
4393217,1553825068,Kansas City,"{'Lat': 39.099731, 'Lon': -94.578568}","{'temp': 54.03, 'temp_min': 53.01, 'temp_max': 55.99, 'pressure': 1017, 'humidity': 93}","{'speed': 2.6, 'deg': 80}",{'1h': 0.25},,{'today': 90},"[{'id': 500, 'main': 'Rain', 'description': 'light rain', 'icon': '10n'}, {'id': 701, 'main': 'Mist', 'description': 'mist', 'icon': '50n'}]"
4641239,1553825070,Memphis,"{'Lat': 35.149529, 'Lon': -90.048981}","{'temp': 64.92, 'temp_min': 60.01, 'temp_max': 66.99, 'pressure': 1020, 'humidity': 37}","{'speed': 2.1, 'deg': 160}",,,{'today': 1},"[{'id': 800, 'main': 'Clear', 'description': 'clear sky', 'icon': '01n'}]"
4407066,1553825068,Saint Louis,"{'Lat': 38.62727, 'Lon': -90.197891}","{'temp': 56.16, 'temp_min': 54, 'temp_max': 57.99, 'pressure': 1019, 'humidity': 100}","{'speed': 1.5, 'deg': 200}",{'1h': 3.26},,{'today': 90},"[{'id': 502, 'main': 'Rain', 'description': 'heavy intensity rain', 'icon': '10n'}, {'id': 701, 'main': 'Mist', 'description': 'mist', 'icon': '50n'}]"
4846834,1553825073,Ames,"{'Lat': 42.03471, 'Lon': -93.619942}","{'temp': 45.41, 'temp_min': 41, 'temp_max': 48, 'pressure': 1021, 'humidity': 65}","{'speed': 5.1, 'deg': 20}",,,{'today': 75},"[{'id': 803, 'main': 'Clouds', 'description': 'broken clouds', 'icon': '04n'}]"
5037649,1553825077,Minneapolis,"{'Lat': 44.979969, 'Lon': -93.26384}","{'temp': 40.59, 'temp_min': 37, 'temp_max': 44.6, 'pressure': 1021, 'humidity': 52}","{'speed': 3.1, 'deg': 330}",,,{'today': 40},"[{'id': 802, 'main': 'Clouds', 'description': 'scattered clouds', 'icon': '03n'}]"
6085772,1553828537,Nanaimo,"{'Lat': 49.16634, 'Lon': -123.936012}","{'temp': 53.82, 'temp_min': 51.01, 'temp_max': 55.99, 'pressure': 1020, 'humidity': 47}","{'speed': 2.6, 'deg': 360}",,,{'today': 75},"[{'id': 803, 'main': 'Clouds', 'description': 'broken clouds', 'icon': '04n'}]"
6162949,1553824966,Terrace,"{'Lat': 54.516338, 'Lon': -128.603455}","{'temp': 59, 'temp_min': 59, 'temp_max': 59, 'pressure': 1022, 'humidity': 26}","{'speed': 4.1, 'deg': 280}",,,{'today': 20},"[{'id': 801, 'main': 'Clouds', 'description': 'few clouds', 'icon': '02n'}]"
5554072,1553825086,Juneau,"{'Lat': 58.301941, 'Lon': -134.419724}","{'temp': 54.36, 'temp_min': 53.6, 'temp_max': 55.4, 'pressure': 1023, 'humidity': 35}","{'speed': 2.6, 'deg': 260}",,,{'today': 1},"[{'id': 800, 'main': 'Clear', 'description': 'clear sky', 'icon': '01n'}]"
5746545,1553825087,Portland,"{'Lat': 45.523449, 'Lon': -122.676208}","{'temp': 52.16, 'temp_min': 46, 'temp_max': 57.99, 'pressure': 1020, 'humidity': 54}","{'speed': 3.1, 'deg': 180}",{'1h': 0.25},,{'today': 90},"[{'id': 500, 'main': 'Rain', 'description': 'light rain', 'icon': '10n'}]"
6173331,1553828537,Vancouver,"{'Lat': 49.24966, 'Lon': -123.119339}","{'temp': 53.6, 'temp_min': 48.99, 'temp_max': 57.2, 'pressure': 1020, 'humidity': 81}","{'speed': 0.71, 'deg': 227.501}",,,{'today': 1},"[{'id': 800, 'main': 'Clear', 'description': 'clear sky', 'icon': '01n'}]"
5815135,1553828490,Washington,"{'Lat': 47.500118, 'Lon': -120.501472}","{'temp': 42.33, 'temp_min': 37, 'temp_max': 50, 'pressure': 1020, 'humidity': 61}","{'speed': 3.6, 'deg': 130}",,,{'today': 20},"[{'id': 801, 'main': 'Clouds', 'description': 'few clouds', 'icon': '02n'}]"
7281931,1553828520,Okanagan,"{'Lat': 50.363861, 'Lon': -119.349968}","{'temp': 53.6, 'temp_min': 53.6, 'temp_max': 53.6, 'pressure': 1019, 'humidity': 67}","{'speed': 1.5, 'deg': 170}",,,{'today': 90},"[{'id': 804, 'main': 'Clouds', 'description': 'overcast clouds', 'icon': '04n'}]"
6113365,1553828518,Prince George,"{'Lat': 53.916599, 'Lon': -122.753014}","{'temp': 42.15, 'temp_min': 39, 'temp_max': 46.4, 'pressure': 1021, 'humidity': 33}","{'speed': 1.5, 'deg': 350}",,,{'today': 1},"[{'id': 800, 'main': 'Clear', 'description': 'clear sky', 'icon': '01n'}]"
6139416,1553828520,Salmon Arm,"{'Lat': 50.699799, 'Lon': -119.302368}","{'temp': 39.45, 'temp_min': 39.45, 'temp_max': 39.45, 'pressure': 1022.26, 'sea_level': 1022.26, 'grnd_level': 906.88, 'humidity': 67}","{'speed': 0.81, 'deg': 2.50064}",,,{'today': 8},"[{'id': 800, 'main': 'Clear', 'description': 'clear sky', 'icon': '02n'}]"
5955960,1553824967,Fort St. John,"{'Lat': 56.249882, 'Lon': -120.852921}","{'temp': 50, 'temp_min': 50, 'temp_max': 50, 'pressure': 1023, 'humidity': 39}","{'speed': 2.6, 'deg': 100}",,,{'today': 40},"[{'id': 802, 'main': 'Clouds', 'description': 'scattered clouds', 'icon': '03n'}]"
5964347,1553828493,Grande Prairie,"{'Lat': 55.166672, 'Lon': -118.802711}","{'temp': 39.2, 'temp_min': 39.2, 'temp_max': 39.2, 'pressure': 1023, 'humidity': 64}","{'speed': 2.1, 'deg': 20}",,,{'today': 40},"[{'id': 802, 'main': 'Clouds', 'description': 'scattered clouds', 'icon': '03n'}]"
5811696,1553825088,Spokane,"{'Lat': 47.65966, 'Lon': -117.429077}","{'temp': 44.73, 'temp_min': 42.01, 'temp_max': 46.99, 'pressure': 1021, 'humidity': 81}","{'speed': 1.51, 'deg': 15.0006}",{'1h': 0.25},,{'today': 90},"[{'id': 500, 'main': 'Rain', 'description': 'light rain', 'icon': '10n'}]"
5589173,1553825086,Coeur dAlene,"{'Lat': 47.677681, 'Lon': -116.780472}","{'temp': 44.22, 'temp_min': 39.99, 'temp_max': 46.99, 'pressure': 1021, 'humidity': 87}","{'speed': 1.16, 'deg': 340.501}",{'1h': 0.25},,{'today': 90},"[{'id': 500, 'main': 'Rain', 'description': 'light rain', 'icon': '10n'}]"
5931800,1553824966,Cranbrook,"{'Lat': 49.499908, 'Lon': -115.768791}","{'temp': 50, 'temp_min': 50, 'temp_max': 50, 'pressure': 1019, 'humidity': 39}","{'speed': 2.1, 'deg': 190}",,,{'today': 75},"[{'id': 803, 'main': 'Clouds', 'description': 'broken clouds', 'icon': '04n'}]"
5666639,1553828530,Missoula,"{'Lat': 46.87215, 'Lon': -113.994003}","{'temp': 36.41, 'temp_min': 35.6, 'temp_max': 37, 'pressure': 1021, 'humidity': 93}","{'speed': 1.5, 'deg': 270}",,,{'today': 90},"[{'id': 500, 'main': 'Rain', 'description': 'light rain', 'icon': '10n'}]"
6053154,1553828543,Lethbridge,"{'Lat': 49.699989, 'Lon': -112.818558}","{'temp': 38.25, 'temp_min': 37.4, 'temp_max': 39, 'pressure': 1022, 'humidity': 69}","{'speed': 2.6, 'deg': 260}",,,{'today': 40},"[{'id': 802, 'main': 'Clouds', 'description': 'scattered clouds', 'icon': '03n'}]"
5913490,1553824966,Calgary,"{'Lat': 51.05011, 'Lon': -114.085289}","{'temp': 39.34, 'temp_min': 36, 'temp_max': 42.8, 'pressure': 1020, 'humidity': 48}","{'speed': 4.6, 'deg': 150}",,,{'today': 20},"[{'id': 801, 'main': 'Clouds', 'description': 'few clouds', 'icon': '02n'}]"
5946768,1553828537,Edmonton,"{'Lat': 53.55014, 'Lon': -113.468712}","{'temp': 37.22, 'temp_min': 35.01, 'temp_max': 41, 'pressure': 1022, 'humidity': 74}","{'speed': 2.6, 'deg': 230}",,,{'today': 75},"[{'id': 803, 'main': 'Clouds', 'description': 'broken clouds', 'icon': '04n'}]"
6185377,1553828540,Yellowknife,"{'Lat': 62.456001, 'Lon': -114.352547}","{'temp': 25.84, 'temp_min': 25, 'temp_max': 26.6, 'pressure': 1026, 'humidity': 73}","{'speed': 4.1, 'deg': 360}",,,{'today': 75},"[{'id': 803, 'main': 'Clouds', 'description': 'broken clouds', 'icon': '04n'}]"
5655240,1553828530,Great Falls,"{'Lat': 47.50024, 'Lon': -111.300812}","{'temp': 32.81, 'temp_min': 30.99, 'temp_max': 35.01, 'pressure': 1022, 'humidity': 97}","{'speed': 4.1, 'deg': 60}",,{'1h': 0.13},{'today': 90},"[{'id': 600, 'main': 'Snow', 'description': 'light snow', 'icon': '13n'}, {'id': 701, 'main': 'Mist', 'description': 'mist', 'icon': '50n'}, {'id': 520, 'main': 'Rain', 'description': 'light intensity shower rain', 'icon': '09n'}]"
5641727,1553828530,Bozeman,"{'Lat': 45.679649, 'Lon': -111.038559}","{'temp': 31.98, 'temp_min': 28.99, 'temp_max': 34, 'pressure': 1020, 'humidity': 86}","{'speed': 0.91, 'deg': 53.5006}",,,{'today': 90},"[{'id': 600, 'main': 'Snow', 'description': 'light snow', 'icon': '13n'}, {'id': 701, 'main': 'Mist', 'description': 'mist', 'icon': '50n'}]"
5640350,1553825087,Billings,"{'Lat': 45.783291, 'Lon': -108.500687}","{'temp': 35.35, 'temp_min': 32, 'temp_max': 37.4, 'pressure': 1021, 'humidity': 86}","{'speed': 4.1, 'deg': 40}",,,{'today': 90},"[{'id': 701, 'main': 'Mist', 'description': 'mist', 'icon': '50n'}]"
6058024,1553824966,Lloydminster,"{'Lat': 53.283459, 'Lon': -110.001572}","{'temp': 39.2, 'temp_min': 39.2, 'temp_max': 39.2, 'pressure': 1021, 'humidity': 64}","{'speed': 5.1, 'deg': 280}",,,{'today': 75},"[{'id': 803, 'main': 'Clouds', 'description': 'broken clouds', 'icon': '04n'}]"
6078112,1553824966,Moose Jaw,"{'Lat': 50.400051, 'Lon': -105.534447}","{'temp': 38.61, 'temp_min': 37, 'temp_max': 42.8, 'pressure': 1022, 'humidity': 47}","{'speed': 3.1, 'deg': 290}",,,{'today': 40},"[{'id': 802, 'main': 'Clouds', 'description': 'scattered clouds', 'icon': '03n'}]"
6119109,1553828518,Regina,"{'Lat': 50.450081, 'Lon': -104.617798}","{'temp': 32.4, 'temp_min': 30, 'temp_max': 33.8, 'pressure': 1022, 'humidity': 59}","{'speed': 2.6, 'deg': 260}",,,{'today': 40},"[{'id': 802, 'main': 'Clouds', 'description': 'scattered clouds', 'icon': '03n'}]"
6141256,1553828495,Saskatoon,"{'Lat': 52.116791, 'Lon': -106.634521}","{'temp': 35.33, 'temp_min': 33.8, 'temp_max': 37, 'pressure': 1021, 'humidity': 69}","{'speed': 4.1, 'deg': 240}",,,{'today': 20},"[{'id': 801, 'main': 'Clouds', 'description': 'few clouds', 'icon': '02n'}]"
5955895,1553828495,Fort McMurray,"{'Lat': 56.726761, 'Lon': -111.381027}","{'temp': 39.2, 'temp_min': 39.2, 'temp_max': 39.2, 'pressure': 1021, 'humidity': 55}","{'speed': 3.6, 'deg': 10}",,,{'today': 40},"[{'id': 802, 'main': 'Clouds', 'description': 'scattered clouds', 'icon': '03n'}]"
5688025,1553825087,Bismarck,"{'Lat': 46.808331, 'Lon': -100.783737}","{'temp': 34.57, 'temp_min': 33.01, 'temp_max': 37, 'pressure': 1024, 'humidity': 64}","{'speed': 2.1, 'deg': 60}",,,{'today': 20},"[{'id': 801, 'main': 'Clouds', 'description': 'few clouds', 'icon': '02n'}]"
5907896,1553828518,Brandon,"{'Lat': 49.84692, 'Lon': -99.953056}","{'temp': 32, 'temp_min': 32, 'temp_max': 32, 'pressure': 1022, 'humidity': 74}","{'speed': 2.6, 'deg': 260}",,,{'today': 75},"[{'id': 803, 'main': 'Clouds', 'description': 'broken clouds', 'icon': '04n'}]"
5059163,1553825077,Fargo,"{'Lat': 46.87719, 'Lon': -96.789803}","{'temp': 29.84, 'temp_min': 28, 'temp_max': 32, 'pressure': 1025, 'humidity': 86}","{'speed': 1.5, 'deg': 20}",,,{'today': 1},"[{'id': 800, 'main': 'Clear', 'description': 'clear sky', 'icon': '01n'}]"
6183235,1553825020,Winnipeg,"{'Lat': 49.884399, 'Lon': -97.147041}","{'temp': 28.89, 'temp_min': 28, 'temp_max': 30.2, 'pressure': 1023, 'humidity': 68}","{'speed': 3.1, 'deg': 320}",,,{'today': 75},"[{'id': 803, 'main': 'Clouds', 'description': 'broken clouds', 'icon': '04n'}]"
5991056,1553825014,Kenora,"{'Lat': 49.816711, 'Lon': -94.433731}","{'temp': 26.4, 'temp_min': 26.01, 'temp_max': 26.6, 'pressure': 1021, 'humidity': 32}","{'speed': 4.1, 'deg': 320}",,,{'today': 40},"[{'id': 802, 'main': 'Clouds', 'description': 'scattered clouds', 'icon': '03n'}]"
5024719,1553825076,Duluth,"{'Lat': 46.783272, 'Lon': -92.106583}","{'temp': 34.2, 'temp_min': 32, 'temp_max': 35.6, 'pressure': 1021, 'humidity': 50}","{'speed': 2.6, 'deg': 310}",,,{'today': 1},"[{'id': 800, 'main': 'Clear', 'description': 'clear sky', 'icon': '01n'}]"
3623076,1553825013,Liberia,"{'Lat': 10.63504, 'Lon': -85.437721}","{'temp': 76.73, 'temp_min': 70, 'temp_max': 84.2, 'pressure': 1011, 'humidity': 54}","{'speed': 10.3, 'deg': 80}",,,{'today': 0},"[{'id': 800, 'main': 'Clear', 'description': 'clear sky', 'icon': '01n'}]"
3666640,1553825012,Tumaco,"{'Lat': 1.79861, 'Lon': -78.815559}","{'temp': 75.72, 'temp_min': 75.72, 'temp_max': 75.72, 'pressure': 1013.06, 'sea_level': 1013.06, 'grnd_level': 1010.56, 'humidity': 92}","{'speed': 1.61, 'deg': 241.501}",,,{'today': 80},"[{'id': 803, 'main': 'Clouds', 'description': 'broken clouds', 'icon': '04n'}]"
3621849,1553825013,San Jose,"{'Lat': 9.93333, 'Lon': -84.083328}","{'temp': 67.57, 'temp_min': 60.01, 'temp_max': 71.6, 'pressure': 1018, 'humidity': 60}","{'speed': 7.2, 'deg': 110}",,,{'today': 0},"[{'id': 800, 'main': 'Clear', 'description': 'clear sky', 'icon': '01n'}]"
3703443,1553825009,Panama,"{'Lat': 8.9936, 'Lon': -79.51973}","{'temp': 78.01, 'temp_min': 75, 'temp_max': 80.6, 'pressure': 1013, 'humidity': 74}","{'speed': 3.1, 'deg': 340}",,,{'today': 20},"[{'id': 801, 'main': 'Clouds', 'description': 'few clouds', 'icon': '02n'}]"
3601782,1553828524,San Pedro Sula,"{'Lat': 15.5, 'Lon': -88.033333}","{'temp': 73.4, 'temp_min': 73.4, 'temp_max': 73.4, 'pressure': 1018, 'humidity': 88}","{'speed': 2.1, 'deg': 350}",,,{'today': 40},"[{'id': 802, 'main': 'Clouds', 'description': 'scattered clouds', 'icon': '03n'}]"
3617763,1553825012,Managua,"{'Lat': 12.13282, 'Lon': -86.250397}","{'temp': 86, 'temp_min': 86, 'temp_max': 86, 'pressure': 1013, 'humidity': 48}","{'speed': 6.2, 'deg': 70}",,,{'today': 0},"[{'id': 800, 'main': 'Clear', 'description': 'clear sky', 'icon': '01n'}]"
3531023,1553824967,Chetumal,"{'Lat': 18.5, 'Lon': -88.300003}","{'temp': 77, 'temp_min': 77, 'temp_max': 77, 'pressure': 1018, 'humidity': 57}","{'speed': 2.6, 'deg': 120}",,,{'today': 40},"[{'id': 802, 'main': 'Clouds', 'description': 'scattered clouds', 'icon': '03n'}]"
3523349,1553828518,Merida,"{'Lat': 20.966669, 'Lon': -89.616669}","{'temp': 74.62, 'temp_min': 73.99, 'temp_max': 75.2, 'pressure': 1019, 'humidity': 57}","{'speed': 3.6, 'deg': 50}",,,{'today': 5},"[{'id': 800, 'main': 'Clear', 'description': 'clear sky', 'icon': '02n'}]"
3531673,1553828493,Cancun,"{'Lat': 21.17429, 'Lon': -86.846558}","{'temp': 73.22, 'temp_min': 73, 'temp_max': 73.4, 'pressure': 1020, 'humidity': 64}","{'speed': 2.6, 'deg': 30}",,,{'today': 75},"[{'id': 803, 'main': 'Clouds', 'description': 'broken clouds', 'icon': '04n'}]"
3670218,1553825024,San Andres,"{'Lat': 12.58472, 'Lon': -81.700562}","{'temp': 80.6, 'temp_min': 80.6, 'temp_max': 80.6, 'pressure': 1015, 'humidity': 69}","{'speed': 6.2, 'deg': 40}",,,{'today': 40},"[{'id': 802, 'main': 'Clouds', 'description': 'scattered clouds', 'icon': '03n'}]"
3544091,1553828519,Pinar del Rio,"{'Lat': 22.4175, 'Lon': -83.698059}","{'temp': 74.73, 'temp_min': 74.73, 'temp_max': 74.73, 'pressure': 1019.06, 'sea_level': 1019.06, 'grnd_level': 1018, 'humidity': 100}","{'speed': 8.06, 'deg': 37.0006}",,,{'today': 0},"[{'id': 800, 'main': 'Clear', 'description': 'clear sky', 'icon': '01n'}]"
3580661,1553828543,George Town,"{'Lat': 19.286921, 'Lon': -81.367058}","{'temp': 76.51, 'temp_min': 75.99, 'temp_max': 77, 'pressure': 1017, 'humidity': 61}","{'speed': 4.6, 'deg': 40}",,,{'today': 0},"[{'id': 800, 'main': 'Clear', 'description': 'clear sky', 'icon': '01n'}]"
3672778,1553825011,Pasto,"{'Lat': 1.21361, 'Lon': -77.281113}","{'temp': 55.47, 'temp_min': 55.47, 'temp_max': 55.47, 'pressure': 1012.82, 'sea_level': 1012.82, 'grnd_level': 752.56, 'humidity': 86}","{'speed': 0.61, 'deg': 107.501}",{'3h': 0.99},,{'today': 36},"[{'id': 500, 'main': 'Rain', 'description': 'light rain', 'icon': '10n'}]"
3687925,1553825011,Cali,"{'Lat': 3.43722, 'Lon': -76.522499}","{'temp': 78.8, 'temp_min': 78.8, 'temp_max': 78.8, 'pressure': 1016, 'humidity': 65}","{'speed': 3.6, 'deg': 320}",,,{'today': 75},"[{'id': 803, 'main': 'Clouds', 'description': 'broken clouds', 'icon': '04n'}]"
3688689,1553828542,Bogota,"{'Lat': 4.60971, 'Lon': -74.081749}","{'temp': 57.2, 'temp_min': 57.2, 'temp_max': 57.2, 'pressure': 1028, 'humidity': 71}","{'speed': 1, 'deg': 0}",,,{'today': 75},"[{'id': 803, 'main': 'Clouds', 'description': 'broken clouds', 'icon': '04n'}]"
3674962,1553825024,Medellin,"{'Lat': 6.25184, 'Lon': -75.563591}","{'temp': 59.61, 'temp_min': 57.99, 'temp_max': 62.6, 'pressure': 1026, 'humidity': 93}","{'speed': 2.1, 'deg': 20}",,,{'today': 75},"[{'id': 721, 'main': 'Haze', 'description': 'haze', 'icon': '50n'}]"
3689147,1553825011,Barranquilla,"{'Lat': 10.96389, 'Lon': -74.796387}","{'temp': 81.19, 'temp_min': 78.8, 'temp_max': 82.4, 'pressure': 1012, 'humidity': 83}","{'speed': 6.7, 'deg': 350}",,,{'today': 75},"[{'id': 721, 'main': 'Haze', 'description': 'haze', 'icon': '50n'}]"
3667873,1553825012,Sogamoso,"{'Lat': 5.71434, 'Lon': -72.933907}","{'temp': 55.29, 'temp_min': 55.29, 'temp_max': 55.29, 'pressure': 1011.1, 'sea_level': 1011.1, 'grnd_level': 765.52, 'humidity': 94}","{'speed': 0.86, 'deg': 145.501}",{'3h': 4.67},,{'today': 76},"[{'id': 501, 'main': 'Rain', 'description': 'moderate rain', 'icon': '10n'}]"
3685533,1553825011,Cucuta,"{'Lat': 7.88333, 'Lon': -72.50528}","{'temp': 80.6, 'temp_min': 80.6, 'temp_max': 80.6, 'pressure': 1014, 'humidity': 74}","{'speed': 2.1, 'deg': 270}",,,{'today': 75},"[{'id': 300, 'main': 'Drizzle', 'description': 'light intensity drizzle', 'icon': '09n'}, {'id': 721, 'main': 'Haze', 'description': 'haze', 'icon': '50n'}]"
3633009,1553825013,Maracaibo,"{'Lat': 10.63167, 'Lon': -71.640556}","{'temp': 80.94, 'temp_min': 80.94, 'temp_max': 80.94, 'pressure': 1011.22, 'sea_level': 1011.22, 'grnd_level': 1008.4, 'humidity': 81}","{'speed': 6.46, 'deg': 25.0006}",,,{'today': 8},"[{'id': 800, 'main': 'Clear', 'description': 'clear sky', 'icon': '02n'}]"
3632998,1553825013,Maracay,"{'Lat': 10.24694, 'Lon': -67.595833}","{'temp': 69.15, 'temp_min': 69.15, 'temp_max': 69.15, 'pressure': 1011.82, 'sea_level': 1011.82, 'grnd_level': 939.76, 'humidity': 95}","{'speed': 1.76, 'deg': 353.001}",,,{'today': 32},"[{'id': 802, 'main': 'Clouds', 'description': 'scattered clouds', 'icon': '03n'}]"
3489854,1553825011,Kingston,"{'Lat': 17.997021, 'Lon': -76.793579}","{'temp': 78.8, 'temp_min': 78.8, 'temp_max': 78.8, 'pressure': 1014, 'humidity': 61}","{'speed': 3.6, 'deg': 320}",,,{'today': 75},"[{'id': 803, 'main': 'Clouds', 'description': 'broken clouds', 'icon': '04n'}]"
3566067,1553828498,Camaguey,"{'Lat': 21.380831, 'Lon': -77.916939}","{'temp': 69.8, 'temp_min': 69.8, 'temp_max': 69.8, 'pressure': 1017, 'humidity': 73}","{'speed': 2.6, 'deg': 340}",,,{'today': 36},"[{'id': 802, 'main': 'Clouds', 'description': 'scattered clouds', 'icon': '03n'}]"
3513090,1553825025,Willemstad,"{'Lat': 12.1084, 'Lon': -68.93354}","{'temp': 78.8, 'temp_min': 78.8, 'temp_max': 78.8, 'pressure': 1012, 'humidity': 78}","{'speed': 5.7, 'deg': 100}",,,{'today': 44},"[{'id': 802, 'main': 'Clouds', 'description': 'scattered clouds', 'icon': '03n'}]"
3718426,1553828519,Port-au-Prince,"{'Lat': 18.539169, 'Lon': -72.334999}","{'temp': 73.4, 'temp_min': 73.4, 'temp_max': 73.4, 'pressure': 1015, 'humidity': 94}","{'speed': 3.1, 'deg': 250}",,,{'today': 36},"[{'id': 802, 'main': 'Clouds', 'description': 'scattered clouds', 'icon': '03n'}]"
3492914,1553825013,Santiago de los Caballeros,"{'Lat': 19.450001, 'Lon': -70.699997}","{'temp': 72.52, 'temp_min': 71.6, 'temp_max': 73.4, 'pressure': 1015, 'humidity': 100}","{'speed': 0.96, 'deg': 205.001}",,,{'today': 75},"[{'id': 501, 'main': 'Rain', 'description': 'moderate rain', 'icon': '10n'}]"
3492908,1553825013,Santo Domingo,"{'Lat': 18.50012, 'Lon': -69.988571}","{'temp': 78.15, 'temp_min': 75.99, 'temp_max': 81, 'pressure': 1014, 'humidity': 83}","{'speed': 2.1, 'deg': 160}",,,{'today': 40},"[{'id': 802, 'main': 'Clouds', 'description': 'scattered clouds', 'icon': '03n'}]"
3493032,1553825013,San Pedro de Macoris,"{'Lat': 18.461559, 'Lon': -69.29718}","{'temp': 77.94, 'temp_min': 75.99, 'temp_max': 81, 'pressure': 1014, 'humidity': 83}","{'speed': 2.1, 'deg': 160}",,,{'today': 40},"[{'id': 802, 'main': 'Clouds', 'description': 'scattered clouds', 'icon': '03n'}]"
4084796,1553825063,Prattville,"{'Lat': 32.46402, 'Lon': -86.459702}","{'temp': 55.62, 'temp_min': 52, 'temp_max': 62.6, 'pressure': 1024, 'humidity': 71}","{'speed': 2.71, 'deg': 134.001}",,,{'today': 1},"[{'id': 800, 'main': 'Clear', 'description': 'clear sky', 'icon': '01n'}]"
4180439,1553825065,Atlanta,"{'Lat': 33.749001, 'Lon': -84.387978}","{'temp': 52.43, 'temp_min': 46, 'temp_max': 59, 'pressure': 1025, 'humidity': 33}","{'speed': 1.5, 'deg': 140}",,,{'today': 75},"[{'id': 803, 'main': 'Clouds', 'description': 'broken clouds', 'icon': '04n'}]"
3553478,1553828517,Havana,"{'Lat': 23.13302, 'Lon': -82.383041}","{'temp': 69.42, 'temp_min': 69.01, 'temp_max': 69.8, 'pressure': 1020, 'humidity': 83}","{'speed': 7.7, 'deg': 50}",,,{'today': 75},"[{'id': 500, 'main': 'Rain', 'description': 'light rain', 'icon': '10n'}]"
4174757,1553825065,Tampa,"{'Lat': 27.947519, 'Lon': -82.458427}","{'temp': 67.12, 'temp_min': 62.01, 'temp_max': 71.6, 'pressure': 1023, 'humidity': 59}","{'speed': 5.1, 'deg': 70}",,,{'today': 1},"[{'id': 800, 'main': 'Clear', 'description': 'clear sky', 'icon': '01n'}]"
4164138,1553825065,Miami,"{'Lat': 25.774269, 'Lon': -80.193657}","{'temp': 69.98, 'temp_min': 66.99, 'temp_max': 72, 'pressure': 1021, 'humidity': 73}","{'speed': 6.2, 'deg': 40}",{'1h': 0.51},,{'today': 75},"[{'id': 500, 'main': 'Rain', 'description': 'light rain', 'icon': '10n'}]"
4160021,1553825064,Jacksonville,"{'Lat': 30.33218, 'Lon': -81.655647}","{'temp': 59.05, 'temp_min': 55.4, 'temp_max': 62.6, 'pressure': 1025, 'humidity': 87}","{'speed': 2.6, 'deg': 10}",,,{'today': 20},"[{'id': 801, 'main': 'Clouds', 'description': 'few clouds', 'icon': '02n'}]"
4221552,1553825066,Savannah,"{'Lat': 32.083542, 'Lon': -81.099831}","{'temp': 55.9, 'temp_min': 53.01, 'temp_max': 60.01, 'pressure': 1026, 'humidity': 71}","{'speed': 4.81, 'deg': 61.5006}",,,{'today': 1},"[{'id': 800, 'main': 'Clear', 'description': 'clear sky', 'icon': '01n'}]"
4379966,1553828529,Cape Girardeau,"{'Lat': 37.305882, 'Lon': -89.51815}","{'temp': 64.4, 'temp_min': 62.01, 'temp_max': 66.2, 'pressure': 1020, 'humidity': 45}","{'speed': 2.6, 'deg': 240}",,,{'today': 1},"[{'id': 800, 'main': 'Clear', 'description': 'clear sky', 'icon': '01n'}]"
4245152,1553825066,Mount Vernon,"{'Lat': 38.317268, 'Lon': -88.903122}","{'temp': 62.01, 'temp_min': 57, 'temp_max': 64.4, 'pressure': 1019, 'humidity': 59}","{'speed': 3.6, 'deg': 300}",,,{'today': 75},"[{'id': 803, 'main': 'Clouds', 'description': 'broken clouds', 'icon': '04n'}]"
4644585,1553825070,Nashville,"{'Lat': 36.16589, 'Lon': -86.784439}","{'temp': 63.23, 'temp_min': 60.01, 'temp_max': 66.2, 'pressure': 1020, 'humidity': 34}","{'speed': 4.1, 'deg': 170}",,,{'today': 1},"[{'id': 800, 'main': 'Clear', 'description': 'clear sky', 'icon': '01n'}]"
4299276,1553825066,Louisville,"{'Lat': 38.254238, 'Lon': -85.759407}","{'temp': 63.27, 'temp_min': 59, 'temp_max': 68, 'pressure': 1019, 'humidity': 39}","{'speed': 4.1, 'deg': 170}",,,{'today': 40},"[{'id': 802, 'main': 'Clouds', 'description': 'scattered clouds', 'icon': '03n'}]"
4297983,1553825066,Lexington,"{'Lat': 37.988689, 'Lon': -84.477722}","{'temp': 59.16, 'temp_min': 54, 'temp_max': 64.4, 'pressure': 1020, 'humidity': 44}","{'speed': 3.6, 'deg': 190}",,,{'today': 20},"[{'id': 801, 'main': 'Clouds', 'description': 'few clouds', 'icon': '02n'}]"
4250542,1553825066,Springfield,"{'Lat': 39.80172, 'Lon': -89.643707}","{'temp': 55.58, 'temp_min': 55, 'temp_max': 55.99, 'pressure': 1018, 'humidity': 100}","{'speed': 4.6, 'deg': 210}",{'1h': 2.84},,{'today': 90},"[{'id': 502, 'main': 'Rain', 'description': 'heavy intensity rain', 'icon': '10n'}, {'id': 701, 'main': 'Mist', 'description': 'mist', 'icon': '50n'}]"
4887158,1553825073,Champaign,"{'Lat': 40.116421, 'Lon': -88.243378}","{'temp': 54.12, 'temp_min': 53.01, 'temp_max': 55.99, 'pressure': 1018, 'humidity': 100}","{'speed': 2.6, 'deg': 240}",{'1h': 1.96},,{'today': 90},"[{'id': 501, 'main': 'Rain', 'description': 'moderate rain', 'icon': '10n'}]"
4887398,1553825073,Chicago,"{'Lat': 41.850029, 'Lon': -87.650047}","{'temp': 45.52, 'temp_min': 41, 'temp_max': 50, 'pressure': 1018, 'humidity': 70}","{'speed': 4.6, 'deg': 60}",,,{'today': 90},"[{'id': 804, 'main': 'Clouds', 'description': 'overcast clouds', 'icon': '04n'}]"
5261457,1553825081,Madison,"{'Lat': 43.073051, 'Lon': -89.40123}","{'temp': 46.4, 'temp_min': 42.8, 'temp_max': 51.01, 'pressure': 1020, 'humidity': 61}","{'speed': 1.5, 'deg': 250}",,,{'today': 90},"[{'id': 500, 'main': 'Rain', 'description': 'light rain', 'icon': '10n'}]"
4259418,1553825066,Indianapolis,"{'Lat': 39.768379, 'Lon': -86.158043}","{'temp': 59.49, 'temp_min': 55.99, 'temp_max': 62.6, 'pressure': 1018, 'humidity': 48}","{'speed': 3.6, 'deg': 200}",,,{'today': 90},"[{'id': 301, 'main': 'Drizzle', 'description': 'drizzle', 'icon': '09n'}]"
4634946,1553825070,Knoxville,"{'Lat': 35.96064, 'Lon': -83.920738}","{'temp': 53.76, 'temp_min': 46.99, 'temp_max': 60.8, 'pressure': 1024, 'humidity': 71}","{'speed': 2.76, 'deg': 221.001}",,,{'today': 1},"[{'id': 800, 'main': 'Clear', 'description': 'clear sky', 'icon': '01n'}]"
4597200,1553825070,Spartanburg,"{'Lat': 34.94957, 'Lon': -81.932053}","{'temp': 50.9, 'temp_min': 46.99, 'temp_max': 57.2, 'pressure': 1026, 'humidity': 55}","{'speed': 1.96, 'deg': 218.501}",,,{'today': 1},"[{'id': 800, 'main': 'Clear', 'description': 'clear sky', 'icon': '01n'}]"
4460243,1553825068,Charlotte,"{'Lat': 35.227089, 'Lon': -80.843132}","{'temp': 51.39, 'temp_min': 46.99, 'temp_max': 57, 'pressure': 1026, 'humidity': 53}","{'speed': 2.41, 'deg': 198.001}",,,{'today': 1},"[{'id': 800, 'main': 'Clear', 'description': 'clear sky', 'icon': '01n'}]"
4509177,1553825069,Columbus,"{'Lat': 39.961182, 'Lon': -82.998787}","{'temp': 57.38, 'temp_min': 53.01, 'temp_max': 62.6, 'pressure': 1019, 'humidity': 54}","{'speed': 4.6, 'deg': 170}",,,{'today': 90},"[{'id': 804, 'main': 'Clouds', 'description': 'overcast clouds', 'icon': '04n'}]"
4990729,1553825076,Detroit,"{'Lat': 42.331429, 'Lon': -83.045753}","{'temp': 56.84, 'temp_min': 48, 'temp_max': 62.6, 'pressure': 1017, 'humidity': 71}","{'speed': 5.1, 'deg': 240}",,,{'today': 90},"[{'id': 500, 'main': 'Rain', 'description': 'light rain', 'icon': '10n'}]"
6073363,1553824966,Midland,"{'Lat': 44.750099, 'Lon': -79.882957}","{'temp': 40.1, 'temp_min': 37.99, 'temp_max': 42.8, 'pressure': 1017, 'humidity': 75}","{'speed': 1, 'deg': 210}",,,{'today': 90},"[{'id': 500, 'main': 'Rain', 'description': 'light rain', 'icon': '10n'}]"
6167865,1553825020,Toronto,"{'Lat': 43.700111, 'Lon': -79.416298}","{'temp': 46.56, 'temp_min': 41, 'temp_max': 51.8, 'pressure': 1017, 'humidity': 81}","{'speed': 1.5, 'deg': 240}",,,{'today': 75},"[{'id': 803, 'main': 'Clouds', 'description': 'broken clouds', 'icon': '04n'}]"
3571824,1553828541,Nassau,"{'Lat': 25.058229, 'Lon': -77.343063}","{'temp': 72.25, 'temp_min': 71.6, 'temp_max': 73, 'pressure': 1019, 'humidity': 73}","{'speed': 6.2, 'deg': 40}",,,{'today': 40},"[{'id': 802, 'main': 'Clouds', 'description': 'scattered clouds', 'icon': '03n'}]"
4781708,1553825072,Richmond,"{'Lat': 37.553761, 'Lon': -77.460258}","{'temp': 50.41, 'temp_min': 45, 'temp_max': 55.99, 'pressure': 1025, 'humidity': 50}","{'speed': 2.76, 'deg': 202.001}",,,{'today': 1},"[{'id': 800, 'main': 'Clear', 'description': 'clear sky', 'icon': '01n'}]"
4791259,1553825072,Virginia Beach,"{'Lat': 36.852928, 'Lon': -75.977982}","{'temp': 50.77, 'temp_min': 48, 'temp_max': 53.6, 'pressure': 1026, 'humidity': 62}","{'speed': 3.1, 'deg': 210}",,,{'today': 1},"[{'id': 800, 'main': 'Clear', 'description': 'clear sky', 'icon': '01n'}]"
4347778,1553825067,Baltimore,"{'Lat': 39.290379, 'Lon': -76.61219}","{'temp': 50, 'temp_min': 46.99, 'temp_max': 53.01, 'pressure': 1025, 'humidity': 61}","{'speed': 4.01, 'deg': 202.001}",,,{'today': 1},"[{'id': 800, 'main': 'Clear', 'description': 'clear sky', 'icon': '01n'}]"
5128581,1553828497,New York,"{'Lat': 40.714272, 'Lon': -74.005966}","{'temp': 45.95, 'temp_min': 43, 'temp_max': 48.99, 'pressure': 1025, 'humidity': 61}","{'speed': 2.6, 'deg': 240}",,,{'today': 90},"[{'id': 804, 'main': 'Clouds', 'description': 'overcast clouds', 'icon': '04n'}]"
5128638,1553828493,New York,"{'Lat': 43.000351, 'Lon': -75.499901}","{'temp': 51.17, 'temp_min': 46, 'temp_max': 55.4, 'pressure': 1018, 'humidity': 50}","{'speed': 2.1, 'deg': 90}",,,{'today': 90},"[{'id': 804, 'main': 'Clouds', 'description': 'overcast clouds', 'icon': '04n'}]"
4930956,1553825074,Boston,"{'Lat': 42.358429, 'Lon': -71.059769}","{'temp': 42.49, 'temp_min': 39.99, 'temp_max': 45, 'pressure': 1023, 'humidity': 75}","{'speed': 5.1, 'deg': 200}",,,{'today': 75},"[{'id': 803, 'main': 'Clouds', 'description': 'broken clouds', 'icon': '04n'}]"
4957280,1553828529,Bangor,"{'Lat': 44.801182, 'Lon': -68.777809}","{'temp': 38.46, 'temp_min': 37, 'temp_max': 39.99, 'pressure': 1021, 'humidity': 86}","{'speed': 5.1, 'deg': 180}",{'1h': 0.25},,{'today': 90},"[{'id': 500, 'main': 'Rain', 'description': 'light rain', 'icon': '10n'}]"
3646738,1553828517,Caracas,"{'Lat': 10.48801, 'Lon': -66.879189}","{'temp': 73.49, 'temp_min': 73, 'temp_max': 73.99, 'pressure': 1014, 'humidity': 73}","{'speed': 0.45, 'deg': 56}",{'3h': 0},,{'today': 0},"[{'id': 800, 'main': 'Clear', 'description': 'clear sky', 'icon': '01n'}]"
3645528,1553828535,Ciudad Guayana,"{'Lat': 8.353333, 'Lon': -62.652779}","{'temp': 82.2, 'temp_min': 82.2, 'temp_max': 82.2, 'pressure': 1012.86, 'sea_level': 1012.86, 'grnd_level': 1008.88, 'humidity': 71}","{'speed': 3.76, 'deg': 83.5006}",,,{'today': 68},"[{'id': 803, 'main': 'Clouds', 'description': 'broken clouds', 'icon': '04n'}]"
3664980,1553824992,Boa Vista,"{'Lat': 2.81972, 'Lon': -60.673328}","{'temp': 89.6, 'temp_min': 89.6, 'temp_max': 89.6, 'pressure': 1011, 'humidity': 49}","{'speed': 5.7, 'deg': 100}",,,{'today': 0},"[{'id': 800, 'main': 'Clear', 'description': 'clear sky', 'icon': '01n'}]"
3378644,1553825014,Georgetown,"{'Lat': 6.80448, 'Lon': -58.15527}","{'temp': 77.83, 'temp_min': 77, 'temp_max': 78.8, 'pressure': 1013, 'humidity': 88}","{'speed': 5.1, 'deg': 50}",,,{'today': 40},"[{'id': 802, 'main': 'Clouds', 'description': 'scattered clouds', 'icon': '03n'}]"
4568127,1553825057,San Juan,"{'Lat': 18.46633, 'Lon': -66.105721}","{'temp': 75.31, 'temp_min': 69.01, 'temp_max': 80.6, 'pressure': 1016, 'humidity': 69}","{'speed': 2.1, 'deg': 180}",,,{'today': 1},"[{'id': 800, 'main': 'Clear', 'description': 'clear sky', 'icon': '01n'}]"
3374036,1553825013,Bridgetown,"{'Lat': 13.1, 'Lon': -59.616669}","{'temp': 78.8, 'temp_min': 78.8, 'temp_max': 78.8, 'pressure': 1014, 'humidity': 74}","{'speed': 7.7, 'deg': 100}",,,{'today': 40},"[{'id': 802, 'main': 'Clouds', 'description': 'scattered clouds', 'icon': '03n'}]"
3578959,1553828524,Les Abymes,"{'Lat': 16.27095, 'Lon': -61.504509}","{'temp': 75.2, 'temp_min': 75.2, 'temp_max': 75.2, 'pressure': 1016, 'humidity': 78}","{'speed': 1.5, 'deg': 140}",,,{'today': 20},"[{'id': 801, 'main': 'Clouds', 'description': 'few clouds', 'icon': '02n'}]"
3396016,1553828539,Macapa,"{'Lat': 0.03889, 'Lon': -51.066391}","{'temp': 78.8, 'temp_min': 78.8, 'temp_max': 78.8, 'pressure': 1014, 'humidity': 100}","{'speed': 3.6, 'deg': 70}",,,{'today': 75},"[{'id': 803, 'main': 'Clouds', 'description': 'broken clouds', 'icon': '04n'}]"
3382160,1553828519,Cayenne,"{'Lat': 4.93333, 'Lon': -52.333328}","{'temp': 78.8, 'temp_min': 78.8, 'temp_max': 78.8, 'pressure': 1014, 'humidity': 78}","{'speed': 3.6, 'deg': 70}",,,{'today': 20},"[{'id': 801, 'main': 'Clouds', 'description': 'few clouds', 'icon': '02n'}]"
3383330,1553825059,Paramaribo,"{'Lat': 5.86638, 'Lon': -55.166821}","{'temp': 77.83, 'temp_min': 77, 'temp_max': 79, 'pressure': 1013, 'humidity': 88}","{'speed': 2.1, 'deg': 60}",,,{'today': 20},"[{'id': 801, 'main': 'Clouds', 'description': 'few clouds', 'icon': '02n'}]"
3573197,1553828519,Hamilton,"{'Lat': 32.291489, 'Lon': -64.777969}","{'temp': 65.66, 'temp_min': 64.99, 'temp_max': 66.2, 'pressure': 1018, 'humidity': 77}","{'speed': 7.7, 'deg': 50}",,,{'today': 90},"[{'id': 804, 'main': 'Clouds', 'description': 'overcast clouds', 'icon': '04n'}]"
6324729,1553828520,Halifax,"{'Lat': 44.645329, 'Lon': -63.572392}","{'temp': 31.93, 'temp_min': 30, 'temp_max': 33.01, 'pressure': 1027, 'humidity': 92}","{'speed': 5.1, 'deg': 180}",,,{'today': 75},"[{'id': 803, 'main': 'Clouds', 'description': 'broken clouds', 'icon': '04n'}]"
5000947,1553828529,Marquette,"{'Lat': 46.543541, 'Lon': -87.395416}","{'temp': 27, 'temp_min': 24.01, 'temp_max': 30.2, 'pressure': 1019, 'humidity': 86}","{'speed': 1.5, 'deg': 20}",,,{'today': 1},"[{'id': 800, 'main': 'Clear', 'description': 'clear sky', 'icon': '01n'}]"
6166142,1553828537,Thunder Bay,"{'Lat': 48.400101, 'Lon': -89.316833}","{'temp': 27.18, 'temp_min': 23, 'temp_max': 30.2, 'pressure': 1020, 'humidity': 46}","{'speed': 1.5, 'deg': 270}",,,{'today': 5},"[{'id': 800, 'main': 'Clear', 'description': 'clear sky', 'icon': '02n'}]"
6141439,1553828520,Sault Ste. Marie,"{'Lat': 46.516769, 'Lon': -84.333252}","{'temp': 30.87, 'temp_min': 30.2, 'temp_max': 32, 'pressure': 1018, 'humidity': 80}","{'speed': 3.1, 'deg': 330}",,,{'today': 1},"[{'id': 800, 'main': 'Clear', 'description': 'clear sky', 'icon': '01n'}]"
5964700,1553828541,Greater Sudbury,"{'Lat': 46.490002, 'Lon': -80.990013}","{'temp': 32.7, 'temp_min': 30.99, 'temp_max': 34, 'pressure': 1015, 'humidity': 69}","{'speed': 5.1, 'deg': 340}",,,{'today': 20},"[{'id': 801, 'main': 'Clouds', 'description': 'few clouds', 'icon': '02n'}]"
6089426,1553828495,North Bay,"{'Lat': 46.316799, 'Lon': -79.466331}","{'temp': 35.2, 'temp_min': 34, 'temp_max': 36, 'pressure': 1014, 'humidity': 74}","{'speed': 11.8, 'deg': 310}",,,{'today': 75},"[{'id': 803, 'main': 'Clouds', 'description': 'broken clouds', 'icon': '04n'}]"
6166739,1553828518,Timmins,"{'Lat': 48.466862, 'Lon': -81.333122}","{'temp': 19.4, 'temp_min': 19.4, 'temp_max': 19.4, 'pressure': 1017, 'humidity': 92}","{'speed': 1.5, 'deg': 10}",,,{'today': 20},"[{'id': 801, 'main': 'Clouds', 'description': 'few clouds', 'icon': '02n'}]"
6173017,1553824967,Val-dOr,"{'Lat': 48.100182, 'Lon': -77.782799}","{'temp': 30.2, 'temp_min': 30.2, 'temp_max': 30.2, 'pressure': 1013, 'humidity': 92}","{'speed': 4.6, 'deg': 340}",,,{'today': 90},"[{'id': 600, 'main': 'Snow', 'description': 'light snow', 'icon': '13n'}]"
6094817,1553828550,Ottawa,"{'Lat': 45.411171, 'Lon': -75.69812}","{'temp': 42.94, 'temp_min': 41, 'temp_max': 44.01, 'pressure': 1015, 'humidity': 75}","{'speed': 4.6, 'deg': 220}",,,{'today': 90},"[{'id': 804, 'main': 'Clouds', 'description': 'overcast clouds', 'icon': '04n'}]"
6077243,1553828541,Montreal,"{'Lat': 45.508839, 'Lon': -73.587807}","{'temp': 42.66, 'temp_min': 41, 'temp_max': 45, 'pressure': 1015, 'humidity': 75}","{'speed': 5.1, 'deg': 210}",,,{'today': 90},"[{'id': 804, 'main': 'Clouds', 'description': 'overcast clouds', 'icon': '04n'}]"
6325494,1553824966,Quebec,"{'Lat': 46.812279, 'Lon': -71.214539}","{'temp': 36.57, 'temp_min': 32, 'temp_max': 41, 'pressure': 1015, 'humidity': 93}","{'speed': 1, 'deg': 340}",{'1h': 0.25},,{'today': 90},"[{'id': 500, 'main': 'Rain', 'description': 'light rain', 'icon': '10n'}, {'id': 701, 'main': 'Mist', 'description': 'mist', 'icon': '50n'}]"
6137270,1553828537,Saguenay,"{'Lat': 48.416752, 'Lon': -71.065727}","{'temp': 38.25, 'temp_min': 37, 'temp_max': 39.99, 'pressure': 1011, 'humidity': 69}","{'speed': 2.1, 'deg': 220}",,,{'today': 90},"[{'id': 804, 'main': 'Clouds', 'description': 'overcast clouds', 'icon': '04n'}]"
5884083,1553828543,Alma,"{'Lat': 48.550091, 'Lon': -71.649101}","{'temp': 37.45, 'temp_min': 33.8, 'temp_max': 39.99, 'pressure': 1012, 'humidity': 100}","{'speed': 2.6, 'deg': 310}",,,{'today': 90},"[{'id': 620, 'main': 'Snow', 'description': 'light shower snow', 'icon': '13n'}]"
6354895,1553828537,Rimouski,"{'Lat': 48.448792, 'Lon': -68.523956}","{'temp': 39.09, 'temp_min': 39, 'temp_max': 39.2, 'pressure': 1012, 'humidity': 80}","{'speed': 9.3, 'deg': 210}",,,{'today': 90},"[{'id': 804, 'main': 'Clouds', 'description': 'overcast clouds', 'icon': '04n'}]"
5889745,1553824966,Baie-Comeau,"{'Lat': 49.216789, 'Lon': -68.148941}","{'temp': 37.6, 'temp_min': 37.4, 'temp_max': 37.99, 'pressure': 1011, 'humidity': 88}","{'speed': 9.3, 'deg': 240}",,,{'today': 90},"[{'id': 500, 'main': 'Rain', 'description': 'light rain', 'icon': '10n'}]"
6138517,1553828495,Saint John,"{'Lat': 45.272709, 'Lon': -66.067657}","{'temp': 36.7, 'temp_min': 35.6, 'temp_max': 37.4, 'pressure': 1024, 'humidity': 90}","{'speed': 8.2, 'deg': 190}",,,{'today': 90},"[{'id': 804, 'main': 'Clouds', 'description': 'overcast clouds', 'icon': '04n'}]"
6144312,1553828541,Sept-Iles,"{'Lat': 50.200111, 'Lon': -66.38208}","{'temp': 35.87, 'temp_min': 35.6, 'temp_max': 36, 'pressure': 1011, 'humidity': 80}","{'speed': 8.7, 'deg': 220}",,,{'today': 90},"[{'id': 804, 'main': 'Clouds', 'description': 'overcast clouds', 'icon': '04n'}]"
6354908,1553828520,Sydney,"{'Lat': 46.135101, 'Lon': -60.183102}","{'temp': 30.88, 'temp_min': 30, 'temp_max': 32, 'pressure': 1029, 'humidity': 80}","{'speed': 7.2, 'deg': 210}",,,{'today': 75},"[{'id': 803, 'main': 'Clouds', 'description': 'broken clouds', 'icon': '04n'}]"
5927969,1553824966,Corner Brook,"{'Lat': 48.966709, 'Lon': -57.948399}","{'temp': 27.18, 'temp_min': 26.01, 'temp_max': 28.4, 'pressure': 1026, 'humidity': 58}","{'speed': 3.6, 'deg': 190}",,,{'today': 75},"[{'id': 803, 'main': 'Clouds', 'description': 'broken clouds', 'icon': '04n'}]"
3424934,1553828497,Saint-Pierre,"{'Lat': 46.765442, 'Lon': -56.169491}","{'temp': 31.8, 'temp_min': 31.8, 'temp_max': 31.8, 'pressure': 1032.94, 'sea_level': 1032.94, 'grnd_level': 1032.32, 'humidity': 95}","{'speed': 9.96, 'deg': 193.001}",,,{'today': 0},"[{'id': 800, 'main': 'Clear', 'description': 'clear sky', 'icon': '01n'}]"
6324733,1553828520,St. Johns,"{'Lat': 47.564941, 'Lon': -52.709309}","{'temp': 23.7, 'temp_min': 21.99, 'temp_max': 25, 'pressure': 1032, 'humidity': 79}","{'speed': 3.1, 'deg': 200}",,,{'today': 5},"[{'id': 800, 'main': 'Clear', 'description': 'clear sky', 'icon': '02n'}]"
3421319,1553828519,Nuuk,"{'Lat': 64.183472, 'Lon': -51.721569}","{'temp': 23, 'temp_min': 23, 'temp_max': 23, 'pressure': 1010, 'humidity': 53}","{'speed': 6.7, 'deg': 110}",,,{'today': 0},"[{'id': 620, 'main': 'Snow', 'description': 'light shower snow', 'icon': '13n'}]"
